Report Date,Serial No.,ISO Tk No.,Shipment,Level (%),Level (m©ø),Level (mmH2O),Battery (%),Pressure (MPa),Temp (¡ÆC),Depress,Press_Before (MPa),Press_After (MPa),Remarks
2026-08-12,SIMU-8101426,ISOT-009,N1,,,,,,,,,,
2026-08-12,SIMU-8101513,ISOT-014,N1,,,,,,,,,,
2026-08-12,SIMU-8101581,ISOT-017,N1,,,,,,,,,,
2026-08-12,SIMU-8101750,ISOT-026,N1,,,,,,,,,,
2026-08-12,SIMU-8101848,ISOT-031,N1,,,,,,,,,,
2026-08-12,SIMU-8101909,ISOT-036,N1,,,,,,,,0.8,0.71,
2026-08-12,SIMU-8102567,ISOT-064,N1,,,,,,,,,,
2026-08-12,SIMU-8103711,ISOT-086,N1,,,,,,,,,,
2026-08-12,SIMU-8103732,ISOT-088,N1,,,,,,,,,,
2026-08-12,SIMU-8111297,ISOT-103,N1,,,,,,,,,,
2026-08-12,SIMU-8113176,ISOT-120,N1,,,,,,,,,,
2026-08-11,SIMU-8101426,ISOT-009,N1,,,,,,,,0.8,0.7,
2026-08-11,SIMU-8101513,ISOT-014,N1,,,,,,,,0.8,0.71,
2026-08-11,SIMU-8101581,ISOT-017,N1,,,,,,,,0.79,0.7,
2026-08-11,SIMU-8101750,ISOT-026,N1,,,,,,,,,,
2026-08-11,SIMU-8101848,ISOT-031,N1,,,,,,,,,,
2026-08-11,SIMU-8101909,ISOT-036,N1,,,,,,,,,,
2026-08-11,SIMU-8102567,ISOT-064,N1,,,,,,,,,,
2026-08-11,SIMU-8103711,ISOT-086,N1,,,,,,,,0.79,0.71,
2026-08-11,SIMU-8103732,ISOT-088,N1,,,,,,,,,,
2026-08-11,SIMU-8111297,ISOT-103,N1,,,,,,,,,,
2026-08-11,SIMU-8113176,ISOT-120,N1,,,,,,,,,,
2026-08-10,SIMU-8101426,ISOT-009,N1,,,,,,,,,,
2026-08-10,SIMU-8101513,ISOT-014,N1,,,,,,,,,,
2026-08-10,SIMU-8101581,ISOT-017,N1,,,,,,,,,,
2026-08-10,SIMU-8101750,ISOT-026,N1,,,,,,,,,,
2026-08-10,SIMU-8101848,ISOT-031,N1,,,,,,,,,,
2026-08-10,SIMU-8101909,ISOT-036,N1,,,,,,,,,,
2026-08-10,SIMU-8102567,ISOT-064,N1,,,,,,,,,,
2026-08-10,SIMU-8103711,ISOT-086,N1,,,,,,,,,,
2026-08-10,SIMU-8103732,ISOT-088,N1,,,,,,,,,,
2026-08-10,SIMU-8111297,ISOT-103,N1,,,,,,,,,,
2026-08-10,SIMU-8113176,ISOT-120,N1,,,,,,,,,,
2026-08-09,SIMU-8101426,ISOT-009,N1,,,,,,,,,,
2026-08-09,SIMU-8101513,ISOT-014,N1,,,,,,,,,,
2026-08-09,SIMU-8101581,ISOT-017,N1,,,,,,,,,,
2026-08-09,SIMU-8101750,ISOT-026,N1,,,,,,,,,,
2026-08-09,SIMU-8101848,ISOT-031,N1,,,,,,,,,,
2026-08-09,SIMU-8101909,ISOT-036,N1,,,,,,,,,,
2026-08-09,SIMU-8102567,ISOT-064,N1,,,,,,,,,,
2026-08-09,SIMU-8103711,ISOT-086,N1,,,,,,,,,,
2026-08-09,SIMU-8103732,ISOT-088,N1,,,,,,,,,,
2026-08-09,SIMU-8111297,ISOT-103,N1,,,,,,,,,,
2026-08-09,SIMU-8113176,ISOT-120,N1,,,,,,,,,,
2026-08-08,SIMU-8101426,ISOT-009,N1,,,,,,,Depressurized,0.8,0.73,
2026-08-08,SIMU-8101513,ISOT-014,N1,,,,,,,,,,
2026-08-08,SIMU-8101581,ISOT-017,N1,,,,,,,,,,
2026-08-08,SIMU-8101750,ISOT-026,N1,,,,,,,Depressurized,0.79,0.7,
2026-08-08,SIMU-8101848,ISOT-031,N1,,,,,,,,,,
2026-08-08,SIMU-8101909,ISOT-036,N1,,,,,,,,,,
2026-08-08,SIMU-8102567,ISOT-064,N1,,,,,,,,,,
2026-08-08,SIMU-8103711,ISOT-086,N1,,,,,,,Depressurized,0.8,0.71,
2026-08-08,SIMU-8103732,ISOT-088,N1,,,,,,,Depressurized,0.8,0.71,
2026-08-08,SIMU-8111297,ISOT-103,N1,,,,,,,,,,
2026-08-08,SIMU-8113176,ISOT-120,N1,,,,,,,,,,
2026-08-07,SIMU-8101426,ISOT-009,N1,,,,,,,,,,
2026-08-07,SIMU-8101513,ISOT-014,N1,,,,,,,Depressurized,0.8,0.72,
2026-08-07,SIMU-8101581,ISOT-017,N1,,,,,,,Depressurized,0.79,0.71,
2026-08-07,SIMU-8101750,ISOT-026,N1,,,,,,,,,,
2026-08-07,SIMU-8101848,ISOT-031,N1,,,,,,,Depressurized,0.81,0.71,
2026-08-07,SIMU-8101909,ISOT-036,N1,,,,,,,Depressurized,0.8,0.71,
2026-08-07,SIMU-8102567,ISOT-064,N1,,,,,,,,,,
2026-08-07,SIMU-8103711,ISOT-086,N1,,,,,,,,,,
2026-08-07,SIMU-8103732,ISOT-088,N1,,,,,,,,,,
2026-08-07,SIMU-8111297,ISOT-103,N1,,,,,,,,,,
2026-08-07,SIMU-8113176,ISOT-120,N1,,,,,,,Depressurized,0.8,0.71,
2026-08-06,SIMU-8101426,ISOT-009,N1,,,,,,,Depressurized,0.8,0.73,
2026-08-06,SIMU-8101513,ISOT-014,N1,,,,,,,,,,
2026-08-06,SIMU-8101581,ISOT-017,N1,,,,,,,Depressurized,0.81,0.73,
2026-08-06,SIMU-8101750,ISOT-026,N1,,,,,,,,,,
2026-08-06,SIMU-8101848,ISOT-031,N1,,,,,,,,,,
2026-08-06,SIMU-8101909,ISOT-036,N1,,,,,,,Depressurized,0.81,0.73,
2026-08-06,SIMU-8102567,ISOT-064,N1,,,,,,,,,,
2026-08-06,SIMU-8103711,ISOT-086,N1,,,,,,,,,,
2026-08-06,SIMU-8103732,ISOT-088,N1,,,,,,,Depressurized,0.8,0.71,
2026-08-06,SIMU-8111297,ISOT-103,N1,,,,,,,,,,
2026-08-06,SIMU-8113176,ISOT-120,N1,,,,,,,,,,
2026-08-05,SIMU-8101426,ISOT-009,N1,,,,,,,,,,
2026-08-05,SIMU-8101513,ISOT-014,N1,,,,,,,Depressurized,0.79,0.72,
2026-08-05,SIMU-8101581,ISOT-017,N1,,,,,,,,,,
2026-08-05,SIMU-8101750,ISOT-026,N1,,,,,,,,,,
2026-08-05,SIMU-8101848,ISOT-031,N1,,,,,,,Depressurized,0.79,0.71,
2026-08-05,SIMU-8101909,ISOT-036,N1,,,,,,,,,,
2026-08-05,SIMU-8102567,ISOT-064,N1,,,,,,,,,,
2026-08-05,SIMU-8103711,ISOT-086,N1,,,,,,,Depressurized,0.79,0.72,
2026-08-05,SIMU-8103732,ISOT-088,N1,,,,,,,,,,
2026-08-05,SIMU-8111297,ISOT-103,N1,,,,,,,,,,
2026-08-05,SIMU-8113176,ISOT-120,N1,,,,,,,Depressurized,0.8,0.71,
2026-08-04,SIMU-8101426,ISOT-009,N1,,,,,,,Depressurized,0.81,0.73,
2026-08-04,SIMU-8101513,ISOT-014,N1,,,,,,,Depressurized,0.8,0.73,
2026-08-04,SIMU-8101581,ISOT-017,N1,,,,,,,Depressurized,0.79,0.73,
2026-08-04,SIMU-8101750,ISOT-026,N1,,,,,,,,,,
2026-08-04,SIMU-8101848,ISOT-031,N1,,,,,,,Depressurized,0.81,0.71,
2026-08-04,SIMU-8101909,ISOT-036,N1,,,,,,,Depressurized,0.8,0.73,
2026-08-04,SIMU-8102567,ISOT-064,N1,,,,,,,,,,
2026-08-04,SIMU-8103711,ISOT-086,N1,,,,,,,,,,
2026-08-04,SIMU-8103732,ISOT-088,N1,,,,,,,Depressurized,0.79,0.71,
2026-08-04,SIMU-8111297,ISOT-103,N1,,,,,,,,,,
2026-08-04,SIMU-8113176,ISOT-120,N1,,,,,,,,,,
2026-08-03,SIMU-8101426,ISOT-009,N1,,,,,,,,,,
2026-08-03,SIMU-8101513,ISOT-014,N1,,,,,,,Depressurized,0.81,0.74,
2026-08-03,SIMU-8101581,ISOT-017,N1,,,,,,,Depressurized,0.82,0.73,
2026-08-03,SIMU-8101750,ISOT-026,N1,,,,,,,Depressurized,0.81,0.72,
2026-08-03,SIMU-8101848,ISOT-031,N1,,,,,,,,,,
2026-08-03,SIMU-8101909,ISOT-036,N1,,,,,,,,,,
2026-08-03,SIMU-8102567,ISOT-064,N1,,,,,,,,,,
2026-08-03,SIMU-8103711,ISOT-086,N1,,,,,,,Depressurized,0.81,0.72,
2026-08-03,SIMU-8103732,ISOT-088,N1,,,,,,,Depressurized,0.8,0.72,
2026-08-03,SIMU-8111297,ISOT-103,N1,,,,,,,,,,
2026-08-03,SIMU-8113176,ISOT-120,N1,,,,,,,Depressurized,0.8,0.72,
2026-08-02,SIMU-8101426,ISOT-009,N1,,,,,,,,,,
2026-08-02,SIMU-8101513,ISOT-014,N1,,,,,,,,,,
2026-08-02,SIMU-8101581,ISOT-017,N1,,,,,,,,,,
2026-08-02,SIMU-8101750,ISOT-026,N1,,,,,,,,,,
2026-08-02,SIMU-8101848,ISOT-031,N1,,,,,,,Depressurized,0.81,0.71,
2026-08-02,SIMU-8101909,ISOT-036,N1,,,,,,,Depressurized,0.81,0.73,
2026-08-02,SIMU-8102567,ISOT-064,N1,,,,,,,,,,
2026-08-02,SIMU-8103711,ISOT-086,N1,,,,,,,,,,
2026-08-02,SIMU-8103732,ISOT-088,N1,,,,,,,Depressurized,0.81,0.7,
2026-08-02,SIMU-8111297,ISOT-103,N1,,,,,,,,,,
2026-08-02,SIMU-8113176,ISOT-120,N1,,,,,,,,,,
2026-08-01,SIMU-8101426,ISOT-009,N1,51,23,465,72,0.76,-126.7,Depressurized,0.8,0.73,Depressure
2026-08-01,SIMU-8101513,ISOT-014,N1,-,-,515,-,0.78,-,Depressurized,0.8,0.73,Depressure
2026-08-01,SIMU-8101581,ISOT-017,N1,66,30,580,76,0.78,-126.4,Depressurized,0.8,0.73,Depressure
2026-08-01,SIMU-8101750,ISOT-026,N1,-,-,590,-,0.77,-,Depressurized,0.81,0.71,Depressure
2026-08-01,SIMU-8101848,ISOT-031,N1,-,-,525,-,0.8,-,,-,-,-
2026-08-01,SIMU-8101909,ISOT-036,N1,-,-,545,-,0.8,-,,-,-,-
2026-08-01,SIMU-8102567,ISOT-064,N1,0,0,0,76,0.42,28.9,,-,-,-
2026-08-01,SIMU-8103711,ISOT-086,N1,76,34,600,73,0.77,-123.7,Depressurized,0.81,0.72,Depressure
2026-08-01,SIMU-8103732,ISOT-088,N1,64,29,620,77,0.81,-124.9,,-,-,-
2026-08-01,SIMU-8111297,ISOT-103,N1,61,28,590,72,0.78,-128.1,Depressurized,0.81,0.71,Depressure
2026-08-01,SIMU-8113176,ISOT-120,N1,68,31,600,74,0.77,-130.5,Depressurized,0.8,0.71,Depressure
2026-08-01,SIMU-8101426,ISOT-009,N1,51,23,465,72,0.76,-126.7,Depressurized,0.8,0.73,
2026-08-01,SIMU-8101513,ISOT-014,N1,-,-,515,-,0.78,-,Depressurized,0.8,0.73,
2026-08-01,SIMU-8101581,ISOT-017,N1,66,30,580,76,0.78,-126.4,Depressurized,0.8,0.73,
2026-08-01,SIMU-8101750,ISOT-026,N1,-,-,590,-,0.77,-,Depressurized,0.81,0.71,
2026-08-01,SIMU-8101848,ISOT-031,N1,-,-,525,-,0.8,-,,-,-,
2026-08-01,SIMU-8101909,ISOT-036,N1,-,-,545,-,0.8,-,,-,-,
2026-08-01,SIMU-8102567,ISOT-064,N1,0,0,0,76,0.42,28.9,,-,-,
2026-08-01,SIMU-8103711,ISOT-086,N1,76,34,600,73,0.77,-123.7,Depressurized,0.81,0.72,
2026-08-01,SIMU-8103732,ISOT-088,N1,64,29,620,77,0.81,-124.9,,-,-,
2026-08-01,SIMU-8111297,ISOT-103,N1,61,28,590,72,0.78,-128.1,Depressurized,0.81,0.71,
2026-08-01,SIMU-8113176,ISOT-120,N1,68,31,600,74,0.77,-130.5,Depressurized,0.8,0.71,
2026-07-31,SIMU-8101426,ISOT-009,N1,51,23,465,72,0.79,-126.7,,-,-,-
2026-07-31,SIMU-8101513,ISOT-014,N1,-,-,515,-,0.8,-,,-,-,-
2026-07-31,SIMU-8101581,ISOT-017,N1,67,30,580,76,0.79,-126.5,,-,-,-
2026-07-31,SIMU-8101750,ISOT-026,N1,-,-,595,-,0.81,-,,-,-,-
2026-07-31,SIMU-8101848,ISOT-031,N1,-,-,525,-,0.76,-,Depressurized,0.8,0.7,Depressure
2026-07-31,SIMU-8101909,ISOT-036,N1,-,-,545,-,0.77,-,Depressurized,0.8,0.71,Depressure
2026-07-31,SIMU-8102567,ISOT-064,N1,0,0,0,76,0.42,28.9,,-,-,-
2026-07-31,SIMU-8103711,ISOT-086,N1,76,34,600,73,0.8,-123.7,,-,-,-
2026-07-31,SIMU-8103732,ISOT-088,N1,64,29,620,77,0.78,-124.9,,-,-,-
2026-07-31,SIMU-8111297,ISOT-103,N1,61,28,625,72,0.8,-127.9,,-,-,-
2026-07-31,SIMU-8113176,ISOT-120,N1,68,31,600,74,0.79,-130.4,,-,-,-
2026-07-30,SIMU-8101426,ISOT-009,N1,51,23,465,72,0.78,-127.2,,-,-,-
2026-07-30,SIMU-8101513,ISOT-014,N1,-,-,515,-,0.78,-,Depressurized,0.8,0.72,Depressure
2026-07-30,SIMU-8101581,ISOT-017,N1,66,30,580,76,0.77,-126.6,Depressurized,0.8,0.71,Depressure
2026-07-30,SIMU-8101750,ISOT-026,N1,-,-,595,-,0.79,-,,-,-,-
2026-07-30,SIMU-8101848,ISOT-031,N1,-,-,525,-,0.79,-,,-,-,-
2026-07-30,SIMU-8101909,ISOT-036,N1,-,-,540,-,0.79,-,,-,-,-
2026-07-30,SIMU-8102567,ISOT-064,N1,0,0,0,76,0.42,28.4,,-,-,-
2026-07-30,SIMU-8103711,ISOT-086,N1,76,34,600,73,0.79,-123.8,,-,-,-
2026-07-30,SIMU-8103732,ISOT-088,N1,64,29,625,77,0.76,-125.1,Depressurized,0.8,0.7,Depressure
2026-07-30,SIMU-8111297,ISOT-103,N1,61,28,605,72,0.79,-128,,-,-,-
2026-07-30,SIMU-8113176,ISOT-120,N1,68,31,600,74,0.77,-130.6,Depressurized,0.81,0.72,Depressure
2026-07-29,SIMU-8101426,ISOT-009,N1,51,23,465,72,0.76,-127.4,,-,-,-
2026-07-29,SIMU-8101513,ISOT-014,N1,-,-,515,-,0.79,-,,-,-,-
2026-07-29,SIMU-8101581,ISOT-017,N1,66,30,580,76,0.8,-126.3,,-,-,-
2026-07-29,SIMU-8101750,ISOT-026,N1,-,-,595,-,0.77,-,,-,-,-
2026-07-29,SIMU-8101848,ISOT-031,N1,-,-,530,-,0.76,-,Depressurized,0.8,0.7,Depressure
2026-07-29,SIMU-8101909,ISOT-036,N1,-,-,545,-,0.77,-,Depressurized,0.8,0.71,Depressure
2026-07-29,SIMU-8102567,ISOT-064,N1,0,0,0,76,0.42,28.3,,-,-,-
2026-07-29,SIMU-8103711,ISOT-086,N1,76,34,600,73,0.78,-123.6,,-,-,-
2026-07-29,SIMU-8103732,ISOT-088,N1,64,29,625,77,0.79,-124.5,,-,-,-
2026-07-29,SIMU-8111297,ISOT-103,N1,60,28,605,72,0.76,-128.3,Depressurized,0.81,0.71,Depressure
2026-07-29,SIMU-8113176,ISOT-120,N1,69,31,600,74,0.8,-130.5,,-,-,-
2026-07-28,SIMU-8101426,ISOT-009,N1,51,23,470,72,0.73,-127.6,Depressurized,0.8,0.7,Depressure
2026-07-28,SIMU-8101513,ISOT-014,N1,-,-,520,-,0.77,-,Depressurized,0.8,0.71,Depressure
2026-07-28,SIMU-8101581,ISOT-017,N1,65,30,580,76,0.77,-126.3,Depressurized,0.8,0.71,Depressure
2026-07-28,SIMU-8101750,ISOT-026,N1,-,-,595,-,0.75,-,Depressurized,0.8,0.7,Depressure
2026-07-28,SIMU-8101848,ISOT-031,N1,-,-,535,-,0.79,-,,-,-,-
2026-07-28,SIMU-8101909,ISOT-036,N1,-,-,545,-,0.8,-,,-,-,-
2026-07-28,SIMU-8102567,ISOT-064,N1,0,0,0,76,0.42,28.9,,-,-,-
2026-07-28,SIMU-8103711,ISOT-086,N1,76,34,600,73,0.76,-124.5,Depressurized,0.8,0.71,Depressure
2026-07-28,SIMU-8103732,ISOT-088,N1,64,29,625,77,0.76,-124.9,Depressurized,0.8,0.7,Depressure
2026-07-28,SIMU-8111297,ISOT-103,N1,62,28,605,72,0.8,-128.1,,-,-,-
2026-07-28,SIMU-8113176,ISOT-120,N1,69,31,600,74,0.78,-130.3,,-,-,-
2026-07-27,SIMU-8101426,ISOT-009,N1,51,23,470,72,0.79,-126.2,,-,-,-
2026-07-27,SIMU-8101513,ISOT-014,N1,-,-,520,-,0.8,-,,-,-,-
2026-07-27,SIMU-8101581,ISOT-017,N1,66,30,580,76,0.79,-126.7,,-,-,-
2026-07-27,SIMU-8101750,ISOT-026,N1,-,-,595,-,0.8,-,,-,-,-
2026-07-27,SIMU-8101848,ISOT-031,N1,-,-,535,-,0.77,-,Depressurized,0.81,0.7,Depressure
2026-07-27,SIMU-8101909,ISOT-036,N1,-,-,545,-,0.77,-,Depressurized,0.8,0.72,Depressure
2026-07-27,SIMU-8102567,ISOT-064,N1,0,0,0,76,0.42,28.9,,-,-,-
2026-07-27,SIMU-8103711,ISOT-086,N1,77,34,600,73,0.79,-124.7,,-,-,-
2026-07-27,SIMU-8103732,ISOT-088,N1,64,29,625,77,0.79,-124.7,,-,-,-
2026-07-27,SIMU-8111297,ISOT-103,N1,62,28,600,72,0.79,-128.2,,-,-,-
2026-07-27,SIMU-8113176,ISOT-120,N1,69,31,595,74,0.76,-130.7,Depressurized,0.8,0.71,Depressure
2026-07-26,SIMU-8101426,ISOT-009,N1,51,23,470,72,0.77,-127.6,,-,-,-
2026-07-26,SIMU-8101513,ISOT-014,N1,-,-,520,-,0.77,-,Depressurized,0.8,0.72,Depressure
2026-07-26,SIMU-8101581,ISOT-017,N1,67,30,580,76,0.76,-126.9,Depressurized,0.8,0.71,Depressure
2026-07-26,SIMU-8101750,ISOT-026,N1,-,-,600,-,0.77,-,,-,-,-
2026-07-26,SIMU-8101848,ISOT-031,N1,-,-,540,-,0.8,-,,-,-,-
2026-07-26,SIMU-8101909,ISOT-036,N1,-,-,545,-,0.8,-,,-,-,-
2026-07-26,SIMU-8102567,ISOT-064,N1,0,0,0,76,0.42,28.7,,-,-,-
2026-07-26,SIMU-8103711,ISOT-086,N1,77,34,600,73,0.77,-124.3,,-,-,-
2026-07-26,SIMU-8103732,ISOT-088,N1,64,29,625,77,0.76,-124.8,Depressurized,0.81,0.7,Depressure
2026-07-26,SIMU-8111297,ISOT-103,N1,62,28,600,72,0.77,-128.6,,-,-,-
2026-07-26,SIMU-8113176,ISOT-120,N1,69,31,595,74,0.8,-130.9,,-,-,-
2026-07-25,SIMU-8101426,ISOT-009,N1,51,23,470,72,0.75,-127,,-,-,-
2026-07-25,SIMU-8101513,ISOT-014,N1,-,-,525,-,0.8,-,,-,-,-
2026-07-25,SIMU-8101581,ISOT-017,N1,68,30,580,76,0.79,-127,,-,-,-
2026-07-25,SIMU-8101750,ISOT-026,N1,-,-,600,-,0.75,-,Depressurized,0.8,0.7,Depressure
2026-07-25,SIMU-8101848,ISOT-031,N1,-,-,540,-,0.77,-,,-,-,-
2026-07-25,SIMU-8101909,ISOT-036,N1,-,-,545,-,0.77,-,Depressurized,0.8,0.71,Depressure
2026-07-25,SIMU-8102567,ISOT-064,N1,0,0,0,76,0.42,28.6,,-,-,-
2026-07-25,SIMU-8103711,ISOT-086,N1,77,34,600,73,0.75,-124.5,Depressurized,0.8,0.71,Depressure
2026-07-25,SIMU-8103732,ISOT-088,N1,65,29,630,77,0.8,-125.2,,-,-,-
2026-07-25,SIMU-8111297,ISOT-103,N1,62,28,600,72,0.75,-128.8,Depressurized,0.8,0.7,Depressure
2026-07-25,SIMU-8113176,ISOT-120,N1,69,31,595,74,0.78,-131.1,,-,-,-
2026-07-24,SIMU-8101426,ISOT-009,N1,52,23,470,72,0.73,-127.8,Depressurized,0.8,0.68,Depressure
2026-07-24,SIMU-8101513,ISOT-014,N1,-,-,530,-,0.78,-,,-,-,-
2026-07-24,SIMU-8101581,ISOT-017,N1,68,30,580,76,0.76,-127.1,Depressurized,0.81,0.71,Depressure
2026-07-24,SIMU-8101750,ISOT-026,N1,-,-,600,-,0.79,-,,-,-,-
2026-07-24,SIMU-8101848,ISOT-031,N1,-,-,540,-,0.74,-,Depressurized,0.8,0.69,Depressure
2026-07-24,SIMU-8101909,ISOT-036,N1,-,-,550,-,0.79,-,,-,-,-
2026-07-24,SIMU-8102567,ISOT-064,N1,0,0,0,76,0.42,28.6,,-,-,-
2026-07-24,SIMU-8103711,ISOT-086,N1,77,34,600,73,0.79,-124.9,,-,-,-
2026-07-24,SIMU-8103732,ISOT-088,N1,65,29,625,77,0.78,-125.4,,-,-,-
2026-07-24,SIMU-8111297,ISOT-103,N1,63,28,600,72,0.8,-128.3,,-,-,-
2026-07-24,SIMU-8113176,ISOT-120,N1,69,31,595,74,0.76,-131.2,,-,-,-
2026-07-23,SIMU-8101426,ISOT-009,N1,52,23,470,72,0.79,-127.3,,-,-,-
2026-07-23,SIMU-8101513,ISOT-014,N1,-,-,530,-,0.76,-,Depressurized,0.8,0.71,Depressure
2026-07-23,SIMU-8101581,ISOT-017,N1,66,30,580,76,0.8,-126.6,,-,-,-
2026-07-23,SIMU-8101750,ISOT-026,N1,-,-,600,-,0.77,-,,-,-,-
2026-07-23,SIMU-8101848,ISOT-031,N1,-,-,540,-,0.78,-,,-,-,-
2026-07-23,SIMU-8101909,ISOT-036,N1,-,-,550,-,0.77,-,Depressurized,0.81,0.71,Depressure
2026-07-23,SIMU-8102567,ISOT-064,N1,0,0,0,76,0.42,28.1,,-,-,-
2026-07-23,SIMU-8103711,ISOT-086,N1,77,34,600,73,0.77,-124.2,,-,-,-
2026-07-23,SIMU-8103732,ISOT-088,N1,65,29,625,77,0.75,-125.4,Depressurized,0.8,0.7,Depressure
2026-07-23,SIMU-8111297,ISOT-103,N1,62,28,600,72,0.78,-128.8,,-,-,-
2026-07-23,SIMU-8113176,ISOT-120,N1,69,31,590,74,0.73,-131.1,Depressurized,0.8,0.71,Depressure
2026-07-22,SIMU-8101426,ISOT-009,N1,52,23,470,72,0.78,-127.5,,-,-,-
2026-07-22,SIMU-8101513,ISOT-014,N1,-,-,530,-,0.79,-,,-,-,-
2026-07-22,SIMU-8101581,ISOT-017,N1,68,30,580,76,0.78,-127.4,,-,-,-
2026-07-22,SIMU-8101750,ISOT-026,N1,-,-,600,-,0.75,-,Depressurized,0.79,0.7,Depressure
2026-07-22,SIMU-8101848,ISOT-031,N1,-,-,540,-,0.76,-,Depressurized,0.81,0.7,Depressure
2026-07-22,SIMU-8101909,ISOT-036,N1,-,-,550,-,0.8,-,,-,-,-
2026-07-22,SIMU-8102567,ISOT-064,N1,0,0,0,76,0.42,28.1,,-,-,-
2026-07-22,SIMU-8103711,ISOT-086,N1,77,34,600,73,0.76,-124.3,,-,-,-
2026-07-22,SIMU-8103732,ISOT-088,N1,65,29,630,77,0.79,-125.1,,-,-,-
2026-07-22,SIMU-8111297,ISOT-103,N1,63,28,600,72,0.75,-129,,-,-,-
2026-07-22,SIMU-8113176,ISOT-120,N1,70,31,630,75,0.78,-130.9,,-,-,-
2026-07-21,SIMU-8101426,ISOT-009,N1,52,24,470,73,0.76,-127.7,,-,-,-
2026-07-21,SIMU-8101513,ISOT-014,N1,-,-,530,-,0.78,-,,-,-,-
2026-07-21,SIMU-8101581,ISOT-017,N1,68,30,580,76,0.76,-127.3,Depressurized,0.79,0.71,Depressure
2026-07-21,SIMU-8101750,ISOT-026,N1,-,-,600,-,0.78,-,,-,-,-
2026-07-21,SIMU-8101848,ISOT-031,N1,-,-,540,-,0.8,-,,-,-,-
2026-07-21,SIMU-8101909,ISOT-036,N1,-,-,550,-,0.78,-,,-,-,-
2026-07-21,SIMU-8102567,ISOT-064,N1,0,0,0,76,0.42,28.5,,-,-,-
2026-07-21,SIMU-8103711,ISOT-086,N1,77,34,610,73,0.75,-124.6,Depressurized,0.8,0.71,Depressure
2026-07-21,SIMU-8103732,ISOT-088,N1,65,29,630,77,0.77,-124.8,Depressurized,0.81,0.71,Depressure
2026-07-21,SIMU-8111297,ISOT-103,N1,63,28,600,72,0.75,-129,Depressurized,0.79,0.71,Depressure
2026-07-21,SIMU-8113176,ISOT-120,N1,70,31,630,75,0.78,-131.6,,-,-,-
2026-07-20,SIMU-8101426,ISOT-009,N1,52,24,470,73,0.74,-127.9,,-,-,-
2026-07-20,SIMU-8101513,ISOT-014,N1,-,-,530,-,0.76,-,Depressurized,-,-,Depressure
2026-07-20,SIMU-8101581,ISOT-017,N1,69,31,580,77,0.78,-127.2,,-,-,-
2026-07-20,SIMU-8101750,ISOT-026,N1,-,-,630,-,0.76,-,Depressurized,-,-,Depressure
2026-07-20,SIMU-8101848,ISOT-031,N1,-,-,540,-,0.78,-,,-,-,-
2026-07-20,SIMU-8101909,ISOT-036,N1,-,-,550,-,0.76,-,Depressurized,-,-,Depressure
2026-07-20,SIMU-8103711,ISOT-086,N1,77,35,620,74,0.79,-124.1,,-,-,-
2026-07-20,SIMU-8103732,ISOT-088,N1,65,30,635,78,0.81,-125.4,,-,-,-
2026-07-20,SIMU-8111297,ISOT-103,N1,63,29,610,73,0.78,-128.5,,-,-,-
2026-07-20,SIMU-8113176,ISOT-120,N1,69,32,610,75,0.76,-131.4,,-,-,-
2026-07-20,SIMU-8102567,ISOT-064,N1,0,0,0,77,0.42,29.1,,-,-,-
2026-07-19,SIMU-8101426,ISOT-009,N1,52,24,470,73,0.71,-126,Depressurized,-,-,Depressure
2026-07-19,SIMU-8101513,ISOT-014,N1,-,-,535,-,0.8,-,,-,-,-
2026-07-19,SIMU-8101581,ISOT-017,N1,67,31,580,77,0.74,-126,Depressurized,-,-,Depressure
2026-07-19,SIMU-8101750,ISOT-026,N1,-,-,605,-,0.81,-,,-,-,-
2026-07-19,SIMU-8101848,ISOT-031,N1,-,-,540,-,0.75,-,Depressurized,-,-,Depressure
2026-07-19,SIMU-8101909,ISOT-036,N1,-,-,545,-,0.8,-,,-,-,-
2026-07-19,SIMU-8103711,ISOT-086,N1,77,35,610,74,0.77,-124,,-,-,-
2026-07-19,SIMU-8103732,ISOT-088,N1,65,30,630,78,0.79,-125,,-,-,-
2026-07-19,SIMU-8111297,ISOT-103,N1,63,29,610,73,0.77,-128,,-,-,-
2026-07-19,SIMU-8113176,ISOT-120,N1,69,32,610,75,0.73,-130,Depressurized,-,-,Depressure
2026-07-19,SIMU-8102567,ISOT-064,N1,0,0,0,77,0.42,28,,-,-,-
2026-07-18,SIMU-8101426,ISOT-009,N1,52,24,475,73,0.78,-126,,-,-,-
2026-07-18,SIMU-8101513,ISOT-014,N1,-,-,535,-,0.77,-,,-,-,-
2026-07-18,SIMU-8101581,ISOT-017,N1,69,31,580,77,0.79,-126,,-,-,-
2026-07-18,SIMU-8101750,ISOT-026,N1,-,-,605,-,0.76,-,,-,-,-
2026-07-18,SIMU-8101848,ISOT-031,N1,-,-,540,-,0.78,-,,-,-,-
2026-07-18,SIMU-8101909,ISOT-036,N1,-,-,550,-,0.75,-,,-,-,-
2026-07-18,SIMU-8103711,ISOT-086,N1,77,35,610,74,0.75,-124,,-,-,-
2026-07-18,SIMU-8103732,ISOT-088,N1,65,30,630,78,0.74,-125,Depressurized,-,-,Depressure
2026-07-18,SIMU-8111297,ISOT-103,N1,63,29,610,73,0.74,-128,Depressurized,-,-,Depressure
2026-07-18,SIMU-8113176,ISOT-120,N1,69,32,610,75,0.79,-130,,-,-,-
2026-07-18,SIMU-8102567,ISOT-064,N1,0,0,0,77,0.42,28,,-,-,-
2026-07-17,SIMU-8101426,ISOT-009,N1,52,24,475,73,0.76,-126,,-,-,-
2026-07-17,SIMU-8101513,ISOT-014,N1,-,-,535,-,0.75,-,Depressurized,-,-,Depressure
2026-07-17,SIMU-8101581,ISOT-017,N1,69,31,580,77,0.77,-126,,-,-,-
2026-07-17,SIMU-8101750,ISOT-026,N1,-,-,605,-,0.75,-,Depressurized,-,-,Depressure
2026-07-17,SIMU-8101848,ISOT-031,N1,-,-,540,-,0.76,-,,-,-,-
2026-07-17,SIMU-8101909,ISOT-036,N1,-,-,550,-,0.75,-,Depressurized,-,-,Depressure
2026-07-17,SIMU-8103711,ISOT-086,N1,77,35,610,74,0.74,-124,Depressurized,-,-,Depressure
2026-07-17,SIMU-8103732,ISOT-088,N1,65,30,630,78,0.79,-125,,-,-,-
2026-07-17,SIMU-8111297,ISOT-103,N1,63,29,610,73,0.79,-128,,-,-,-
2026-07-17,SIMU-8113176,ISOT-120,N1,69,32,610,75,0.76,-130,,-,-,-
2026-07-17,SIMU-8102567,ISOT-064,N1,0,0,0,77,0.42,28,,-,-,-
2026-07-16,SIMU-8101426,ISOT-009,N1,52,24,475,73,0.74,-126,Depressurized,-,-,Depressure
2026-07-16,SIMU-8101513,ISOT-014,N1,-,-,540,-,0.78,-,,-,-,-
2026-07-16,SIMU-8101581,ISOT-017,N1,69,31,585,77,0.74,-126,Depressurized,-,-,Depressure
2026-07-16,SIMU-8101750,ISOT-026,N1,-,-,605,-,0.79,-,,-,-,-
2026-07-16,SIMU-8101848,ISOT-031,N1,-,-,540,-,0.74,-,Depressurized,-,-,Depressure
2026-07-16,SIMU-8101909,ISOT-036,N1,-,-,550,-,0.8,-,,-,-,-
2026-07-16,SIMU-8103711,ISOT-086,N1,78,35,615,74,0.79,-124,,-,-,-
2026-07-16,SIMU-8103732,ISOT-088,N1,65,30,630,78,0.77,-125,,-,-,-
2026-07-16,SIMU-8111297,ISOT-103,N1,63,29,610,73,0.77,-128,,-,-,-
2026-07-16,SIMU-8113176,ISOT-120,N1,69,32,610,75,0.74,-129,Depressurized,-,-,Depressure
2026-07-16,SIMU-8102567,ISOT-064,N1,0,0,0,77,0.42,28,,-,-,-
2026-07-15,SIMU-8101426,ISOT-009,N1,52,24,475,73,0.79,-126,,-,-,-
2026-07-15,SIMU-8101513,ISOT-014,N1,-,-,540,-,0.76,-,Depressurized,-,-,Depressure
2026-07-15,SIMU-8101581,ISOT-017,N1,69,31,590,77,0.78,-125,,-,-,-
2026-07-15,SIMU-8101750,ISOT-026,N1,-,-,605,-,0.77,-,,-,-,-
2026-07-15,SIMU-8101848,ISOT-031,N1,-,-,540,-,0.78,-,,-,-,-
2026-07-15,SIMU-8101909,ISOT-036,N1,-,-,550,-,0.77,-,,-,-,-
2026-07-15,SIMU-8103711,ISOT-086,N1,78,35,615,74,0.76,-124,,-,-,-
2026-07-15,SIMU-8103732,ISOT-088,N1,65,30,635,78,0.74,-125,Depressurized,-,-,Depressure
2026-07-15,SIMU-8111297,ISOT-103,N1,63,29,610,73,0.75,-129,,-,-,-
2026-07-15,SIMU-8113176,ISOT-120,N1,70,32,610,75,0.79,-129,,-,-,-
2026-07-15,SIMU-8102567,ISOT-064,N1,0,0,0,77,0.42,28,,-,-,-
2026-07-14,SIMU-8101426,ISOT-009,N1,53,24,475,73,0.77,-126,,-,-,-
2026-07-14,SIMU-8101513,ISOT-014,N1,-,-,545,-,0.8,-,,-,-,-
2026-07-14,SIMU-8101581,ISOT-017,N1,69,31,600,77,0.75,-125,Depressurized,-,-,Depressure
2026-07-14,SIMU-8101750,ISOT-026,N1,-,-,610,-,0.74,-,Depressurized,-,-,Depressure
2026-07-14,SIMU-8101848,ISOT-031,N1,-,-,545,-,0.75,-,Depressurized,-,-,Depressure
2026-07-14,SIMU-8101909,ISOT-036,N1,-,-,550,-,0.75,-,Depressurized,-,-,Depressure
2026-07-14,SIMU-8103711,ISOT-086,N1,78,35,615,74,0.74,-124,Depressurized,-,-,Depressure
2026-07-14,SIMU-8103732,ISOT-088,N1,66,30,640,78,0.77,-124,,-,-,-
2026-07-14,SIMU-8111297,ISOT-103,N1,63,29,610,73,0.73,-129,Depressurized,-,-,Depressure
2026-07-14,SIMU-8113176,ISOT-120,N1,70,32,610,75,0.77,-129,,-,-,-
2026-07-14,SIMU-8102567,ISOT-064,N1,0,0,0,77,0.42,28,,-,-,-
2026-07-13,SIMU-8101426,ISOT-009,N1,53,24,475,73,0.75,-127,,-,-,-
2026-07-13,SIMU-8101513,ISOT-014,N1,-,-,545,-,0.77,-,,-,-,-
2026-07-13,SIMU-8101581,ISOT-017,N1,69,31,600,77,0.81,-125,,-,-,-
2026-07-13,SIMU-8101750,ISOT-026,N1,-,-,615,-,0.8,-,,-,-,-
2026-07-13,SIMU-8101848,ISOT-031,N1,-,-,550,-,0.77,-,Depressurized,-,-,Depressure
2026-07-13,SIMU-8101909,ISOT-036,N1,-,-,550,-,0.77,-,,-,-,-
2026-07-13,SIMU-8103711,ISOT-086,N1,78,35,615,74,0.79,-124,,-,-,-
2026-07-13,SIMU-8103732,ISOT-088,N1,66,30,640,78,0.75,-125,Depressurized,-,-,Depressure
2026-07-13,SIMU-8111297,ISOT-103,N1,64,29,615,73,0.79,-128,,-,-,-
2026-07-13,SIMU-8113176,ISOT-120,N1,70,32,610,75,0.75,-130,Depressurized,-,-,Depressure
2026-07-13,SIMU-8102567,ISOT-064,N1,0,0,0,77,0.42,28,,-,-,-
2026-07-12,SIMU-8101426,ISOT-009,N1,53,24,475,73,0.73,-127,Depressurized,-,-,Depressure
2026-07-12,SIMU-8101513,ISOT-014,N1,-,-,545,-,0.76,-,Depressurized,-,-,Depressure
2026-07-12,SIMU-8101581,ISOT-017,N1,69,31,600,77,0.79,-126,Depressurized,-,-,Depressure
2026-07-12,SIMU-8101750,ISOT-026,N1,-,-,615,-,0.78,-,,-,-,-
2026-07-12,SIMU-8101848,ISOT-031,N1,-,-,550,-,0.8,-,,-,-,-
2026-07-12,SIMU-8101909,ISOT-036,N1,-,-,550,-,0.77,-,Depressurized,-,-,Depressure
2026-07-12,SIMU-8103711,ISOT-086,N1,78,35,615,74,0.78,-124,,-,-,-
2026-07-12,SIMU-8103732,ISOT-088,N1,66,30,640,78,0.8,-125,,-,-,-
2026-07-12,SIMU-8111297,ISOT-103,N1,64,29,615,73,0.77,-128,Depressurized,-,-,Depressure
2026-07-12,SIMU-8113176,ISOT-120,N1,71,32,610,75,0.8,-130,,-,-,-
2026-07-12,SIMU-8102567,ISOT-064,N1,0,0,0,77,0.42,28,,-,-,-
2026-07-11,SIMU-8101426,ISOT-009,N1,53,24,475,73,0.79,-126,,-,-,-
2026-07-11,SIMU-8101513,ISOT-014,N1,-,-,545,-,0.79,-,,-,-,-
2026-07-11,SIMU-8101581,ISOT-017,N1,70,31,600,77,0.81,-126,,-,-,-
2026-07-11,SIMU-8101750,ISOT-026,N1,-,-,615,-,0.76,-,Depressurized,-,-,Depressure
2026-07-11,SIMU-8101848,ISOT-031,N1,-,-,550,-,0.78,-,Depressurized,-,-,Depressure
2026-07-11,SIMU-8101909,ISOT-036,N1,-,-,565,-,0.79,-,,-,-,-
2026-07-11,SIMU-8103711,ISOT-086,N1,78,35,615,74,0.75,-124,Depressurized,-,-,Depressure
2026-07-11,SIMU-8103732,ISOT-088,N1,66,30,640,78,0.78,-125,,-,-,-
2026-07-11,SIMU-8111297,ISOT-103,N1,64,29,615,73,0.8,-128,,-,-,-
2026-07-11,SIMU-8113176,ISOT-120,N1,71,32,610,75,0.78,-130,,-,-,-
2026-07-11,SIMU-8102567,ISOT-064,N1,0,0,0,77,0.42,28,,-,-,-
2026-07-10,SIMU-8101426,ISOT-009,N1,53,24,475,73,0.76,-127,,-,-,-
2026-07-10,SIMU-8101513,ISOT-014,N1,-,-,550,-,0.76,-,Depressurized,0.8,0.7,Depressure
2026-07-10,SIMU-8101581,ISOT-017,N1,70,31,600,77,0.77,-126,Depressurized,0.81,0.71,Depressure
2026-07-10,SIMU-8101750,ISOT-026,N1,-,-,615,-,0.79,-,,-,-,-
2026-07-10,SIMU-8101848,ISOT-031,N1,-,-,550,-,0.8,-,,-,-,-
2026-07-10,SIMU-8101909,ISOT-036,N1,-,-,565,-,0.77,-,Depressurized,0.8,0.71,Depressure
2026-07-10,SIMU-8102567,ISOT-064,N1,0,0,0,77,0.42,28,,-,-,-
2026-07-10,SIMU-8103711,ISOT-086,N1,79,35,615,74,0.8,-124,,-,-,-
2026-07-10,SIMU-8103732,ISOT-088,N1,67,30,640,78,0.75,-125,Depressurized,0.8,0.7,Depressure
2026-07-10,SIMU-8111297,ISOT-103,N1,65,29,615,73,0.78,-128,,-,-,-
2026-07-10,SIMU-8113176,ISOT-120,N1,72,32,610,75,0.75,-131,Depressurized,0.8,0.7,Depressure
2026-07-09,SIMU-8101426,ISOT-009,N1,54,24,480,73,0.75,-127,Depressurized,0.79,0.7,Depressure
2026-07-09,SIMU-8101513,ISOT-014,N1,-,-,550,-,0.79,-,,-,-,-
2026-07-09,SIMU-8101581,ISOT-017,N1,72,31,600,77,0.8,-126,,-,-,-
2026-07-09,SIMU-8101750,ISOT-026,N1,-,-,615,-,0.76,-,Depressurized,0.81,0.7,Depressure
2026-07-09,SIMU-8101848,ISOT-031,N1,-,-,550,-,0.77,-,Depressurized,0.8,0.7,Depressure
2026-07-09,SIMU-8101909,ISOT-036,N1,-,-,565,-,0.8,-,,-,-,-
2026-07-09,SIMU-8102567,ISOT-064,N1,0,0,0,77,0.42,28,,-,-,-
2026-07-09,SIMU-8103711,ISOT-086,N1,79,35,615,74,0.78,-124,,-,-,-
2026-07-09,SIMU-8103732,ISOT-088,N1,67,30,645,78,0.79,-125,,-,-,-
2026-07-09,SIMU-8111297,ISOT-103,N1,65,29,615,73,0.75,-18,Depressurized,0.8,0.7,Depressure
2026-07-09,SIMU-8113176,ISOT-120,N1,72,32,610,75,0.79,-131,,-,-,-
2026-07-08,SIMU-8101426,ISOT-009,N1,54,24,480,73,0.79,-127,,-,-,-
2026-07-08,SIMU-8101513,ISOT-014,N1,-,-,545,-,0.76,-,Depressurized,0.8,0.71,Depressure
2026-07-08,SIMU-8101581,ISOT-017,N1,70,31,600,77,0.77,-126,Depressurized,0.8,0.72,Depressure
2026-07-08,SIMU-8101750,ISOT-026,N1,-,-,615,-,0.8,-,,-,-,-
2026-07-08,SIMU-8101848,ISOT-031,N1,-,-,565,-,0.8,-,,-,-,-
2026-07-08,SIMU-8101909,ISOT-036,N1,-,-,570,-,0.77,-,Depressurized,0.8,0.71,Depressure
2026-07-08,SIMU-8102567,ISOT-064,N1,0,0,0,77,0.42,28,,-,-,-
2026-07-08,SIMU-8103711,ISOT-086,N1,79,35,620,74,0.76,-124,,-,-,-
2026-07-08,SIMU-8103732,ISOT-088,N1,67,30,645,78,0.76,-125,Depressurized,0.81,0.7,Depressure
2026-07-08,SIMU-8111297,ISOT-103,N1,65,29,620,73,0.79,-128,,-,-,-
2026-07-08,SIMU-8113176,ISOT-120,N1,72,32,610,75,0.77,-131,,-,-,-
2026-07-07,SIMU-8101426,ISOT-009,N1,54,24,480,73,0.77,-127,,-,-,-
2026-07-07,SIMU-8101513,ISOT-014,N1,-,-,550,-,0.8,-,,-,-,-
2026-07-07,SIMU-8101581,ISOT-017,N1,69,31,605,77,0.79,-126,,-,-,-
2026-07-07,SIMU-8101750,ISOT-026,N1,-,-,615,-,0.78,-,,-,-,-
2026-07-07,SIMU-8101848,ISOT-031,N1,-,-,565,-,0.77,-,Depressurized,0.8,0.7,Depressure
2026-07-07,SIMU-8101909,ISOT-036,N1,-,-,570,-,0.8,-,,-,-,-
2026-07-07,SIMU-8102567,ISOT-064,N1,0,0,0,77,0.42,28,,-,-,-
2026-07-07,SIMU-8103711,ISOT-086,N1,79,35,620,74,0.74,-124,Depressurized,0.79,0.7,Depressure
2026-07-07,SIMU-8103732,ISOT-088,N1,67,30,645,78,0.8,-125,,-,-,-
2026-07-07,SIMU-8111297,ISOT-103,N1,65,29,625,73,0.78,-129,,-,-,-
2026-07-07,SIMU-8113176,ISOT-120,N1,72,32,610,75,0.75,-131,Depressurized,0.8,0.7,Depressure
2026-07-06,SIMU-8101426,ISOT-009,N1,54,24,480,73,0.75,-127,Depressurized,0.8,0.7,Depressure
2026-07-06,SIMU-8101513,ISOT-014,N1,-,-,550,-,0.77,-,,-,-,-
2026-07-06,SIMU-8101581,ISOT-017,N1,69,31,605,77,0.76,-127,Depressurized,0.8,0.71,Depressure
2026-07-06,SIMU-8101750,ISOT-026,N1,-,-,615,-,0.76,-,Depressurized,0.79,0.7,Depressure
2026-07-06,SIMU-8101848,ISOT-031,N1,-,-,570,-,0.78,-,,-,-,-
2026-07-06,SIMU-8101909,ISOT-036,N1,-,-,570,-,0.77,-,Depressurized,0.8,0.71,Depressure
2026-07-06,SIMU-8102567,ISOT-064,N1,0,0,0,77,0.42,28,,-,-,-
2026-07-06,SIMU-8103711,ISOT-086,N1,79,35,620,74,0.79,-124,,-,-,-
2026-07-06,SIMU-8103732,ISOT-088,N1,67,30,650,78,0.78,-125,,-,-,-
2026-07-06,SIMU-8111297,ISOT-103,N1,65,29,630,73,0.75,-129,Depressurized,0.8,0.7,Depressure
2026-07-06,SIMU-8113176,ISOT-120,N1,72,32,620,75,0.79,-131,,-,-,-
2026-07-05,SIMU-8101426,ISOT-009,N1,54,24,480,73,0.79,-126,,-,-,-
2026-07-05,SIMU-8101513,ISOT-014,N1,-,-,550,-,0.75,-,Depressurized,0.79,0.7,Depressure
2026-07-05,SIMU-8101581,ISOT-017,N1,69,31,605,77,0.79,-127,,-,-,-
2026-07-05,SIMU-8101750,ISOT-026,N1,-,-,615,-,0.79,-,,-,-,-
2026-07-05,SIMU-8101848,ISOT-031,N1,-,-,565,-,0.76,-,Depressurized,0.8,0.7,Depressure
2026-07-05,SIMU-8101909,ISOT-036,N1,-,-,570,-,0.79,-,,-,-,-
2026-07-05,SIMU-8102567,ISOT-064,N1,0,0,0,77,0.42,28,,-,-,-
2026-07-05,SIMU-8103711,ISOT-086,N1,79,35,620,74,0.77,-125,,-,-,-
2026-07-05,SIMU-8103732,ISOT-088,N1,67,30,660,78,0.75,-125,Depressurized,0.79,0.69,Depressure
2026-07-05,SIMU-8111297,ISOT-103,N1,65,29,630,73,0.79,-129,,-,-,-
2026-07-05,SIMU-8113176,ISOT-120,N1,72,32,620,75,0.77,-131,,-,-,-
2026-07-04,SIMU-8101426,ISOT-009,N1,54,24,515,73,0.77,-127,,-,-,-
2026-07-04,SIMU-8101513,ISOT-014,N1,-,-,555,-,0.78,-,,-,-,-
2026-07-04,SIMU-8101581,ISOT-017,N1,69,31,605,77,0.76,-127,Depressurized,0.81,0.7,Depressure
2026-07-04,SIMU-8101750,ISOT-026,N1,-,-,615,-,0.76,-,,-,-,-
2026-07-04,SIMU-8101848,ISOT-031,N1,-,-,565,-,0.79,-,,-,-,-
2026-07-04,SIMU-8101909,ISOT-036,N1,-,-,570,-,0.76,-,Depressurized,0.79,0.7,Depressure
2026-07-04,SIMU-8102567,ISOT-064,N1,0,0,0,77,0.42,28,,-,-,-
2026-07-04,SIMU-8103711,ISOT-086,N1,79,35,620,74,0.75,-125,,-,-,-
2026-07-04,SIMU-8103732,ISOT-088,N1,67,30,660,78,0.79,-125,,-,-,-
2026-07-04,SIMU-8111297,ISOT-103,N1,65,29,630,73,0.77,-129,,-,-,-
2026-07-04,SIMU-8113176,ISOT-120,N1,72,32,615,75,0.75,-131,,-,-,-
2026-07-03,SIMU-8101426,ISOT-009,N1,55,24,515,73,0.75,-127,Depressurized,0.79,0.69,Depressure
2026-07-03,SIMU-8101513,ISOT-014,N1,-,-,555,-,0.75,-,Depressurized,0.79,0.7,Depressure
2026-07-03,SIMU-8101581,ISOT-017,N1,70,31,620,77,0.8,-127,,-,-,-
2026-07-03,SIMU-8101750,ISOT-026,N1,-,-,615,-,0.74,-,Depressurized,0.79,0.69,Depressure
2026-07-03,SIMU-8101848,ISOT-031,N1,-,-,565,-,0.76,-,,-,-,-
2026-07-03,SIMU-8101909,ISOT-036,N1,-,-,595,-,0.78,-,,-,-,-
2026-07-03,SIMU-8102567,ISOT-064,N1,0,0,0,77,0.42,28,,-,-,-
2026-07-03,SIMU-8103711,ISOT-086,N1,79,35,625,74,0.73,-124,Depressurized,0.79,0.7,Depressure
2026-07-03,SIMU-8103732,ISOT-088,N1,67,30,660,78,0.77,-125,,-,-,-
2026-07-03,SIMU-8111297,ISOT-103,N1,65,29,630,73,0.76,-129,,-,-,-
2026-07-03,SIMU-8113176,ISOT-120,N1,73,32,630,75,0.73,-131,Depressurized,0.79,0.7,Depressure
2026-07-02,SIMU-8101426,ISOT-009,N1,55,24,515,73,0.79,-127,,-,-,-
2026-07-02,SIMU-8101513,ISOT-014,N1,-,-,560,-,0.78,-,,-,-,-
2026-07-02,SIMU-8101581,ISOT-017,N1,70,31,620,77,0.77,-127,,-,-,-
2026-07-02,SIMU-8101750,ISOT-026,N1,-,-,640,-,0.79,-,,-,-,-
2026-07-02,SIMU-8101848,ISOT-031,N1,-,-,565,-,0.69,-,Depressurized,0.79,0.69,Depressure
2026-07-02,SIMU-8101909,ISOT-036,N1,-,-,580,-,0.76,-,,-,-,-
2026-07-02,SIMU-8102567,ISOT-064,N1,0,0,0,77,0.42,28,,-,-,-
2026-07-02,SIMU-8103711,ISOT-086,N1,79,35,660,74,0.78,-124,,-,-,-
2026-07-02,SIMU-8103732,ISOT-088,N1,67,30,660,78,0.74,-125,Depressurized,0.8,0.69,Depressure
2026-07-02,SIMU-8111297,ISOT-103,N1,65,29,630,73,0.74,-129,Depressurized,0.8,0.69,Depressure
2026-07-02,SIMU-8113176,ISOT-120,N1,73,32,630,75,0.77,-131,,-,-,-
2026-07-01,SIMU-8101426,ISOT-009,N1,55,24,515,73,0.77,-127,,-,-,-
2026-07-01,SIMU-8101513,ISOT-014,N1,-,-,560,-,0.75,-,,-,-,-
2026-07-01,SIMU-8101581,ISOT-017,N1,70,31,620,77,0.74,-127,Depressurized,0.8,0.7,Depressure
2026-07-01,SIMU-8101750,ISOT-026,N1,-,-,625,-,0.76,-,,-,-,-
2026-07-01,SIMU-8101848,ISOT-031,N1,-,-,565,-,0.76,-,,-,-,-
2026-07-01,SIMU-8101909,ISOT-036,N1,-,-,590,-,0.69,-,Depressurized,0.79,0.69,Depressure
2026-07-01,SIMU-8102567,ISOT-064,N1,0,0,0,77,0.42,28,,-,-,-
2026-07-01,SIMU-8103711,ISOT-086,N1,79,35,660,74,0.74,-124,,-,-,-
2026-07-01,SIMU-8103732,ISOT-088,N1,68,30,660,78,0.79,-125,,-,-,-
2026-07-01,SIMU-8111297,ISOT-103,N1,65,29,630,73,0.79,-128,,-,-,-
2026-07-01,SIMU-8113176,ISOT-120,N1,73,32,630,75,0.75,-131,,-,-,-
2026-06-25,SIMU-8101426,ISOT-009,N1,60,27,565,74,0.74,-127,Depressurized,0.79,0.69,Depressure
2026-06-25,SIMU-8101513,ISOT-014,N1,-,-,570,-,0.77,-,,-,-,-
2026-06-25,SIMU-8101581,ISOT-017,N1,71,31,655,77,0.77,-127,,-,-,-
2026-06-25,SIMU-8101750,ISOT-026,N1,75,34,640,39,0.75,-128,Depressurized,0.8,0.7,Depressure
2026-06-25,SIMU-8101848,ISOT-031,N1,-,-,570,-,0.78,-,,-,-,-
2026-06-25,SIMU-8101909,ISOT-036,N1,-,-,595,-,0.77,-,,-,-,-
2026-06-25,SIMU-8103711,ISOT-086,N1,81,36,635,75,0.77,-124,,-,-,-
2026-06-25,SIMU-8103732,ISOT-088,N1,69,31,665,79,0.78,-125,,-,-,-
2026-06-25,SIMU-8111297,ISOT-103,N1,67,30,640,74,0.75,-128,Depressurized,0.8,0.7,Depressure
2026-06-25,SIMU-8113176,ISOT-120,N1,74,33,630,75,0.78,-130,,-,-,-
2026-06-25,SIMU-8102567,ISOT-064,N1,0,0,0,78,0.43,29,,-,-,-
2026-06-24,SIMU-8101426,ISOT-009,N1,60,27,565,74,0.78,-127,,-,-,-
2026-06-24,SIMU-8101513,ISOT-014,N1,-,-,570,-,0.75,-,Depressurized,0.79,0.71,Depressure
2026-06-24,SIMU-8101581,ISOT-017,N1,71,31,655,77,0.75,-126,Depressurized,0.81,0.7,Depressure
2026-06-24,SIMU-8101750,ISOT-026,N1,75,34,640,39,0.78,-128,,-,-,-
2026-06-24,SIMU-8101848,ISOT-031,N1,-,-,570,-,0.75,-,Depressurized,0.79,0.7,Depressure
2026-06-24,SIMU-8101909,ISOT-036,N1,-,-,595,-,0.75,-,Depressurized,0.79,0.7,Depressure
2026-06-24,SIMU-8103711,ISOT-086,N1,81,36,635,75,0.75,-124,Depressurized,0.79,0.71,Depressure
2026-06-24,SIMU-8103732,ISOT-088,N1,69,31,665,79,0.76,-125,Depressurized,0.79,0.7,Depressure
2026-06-24,SIMU-8111297,ISOT-103,N1,67,30,640,74,0.79,-128,,-,-,-
2026-06-24,SIMU-8113176,ISOT-120,N1,74,33,630,75,0.75,-130,Depressurized,0.8,0.71,Depressure
2026-06-24,SIMU-8102567,ISOT-064,N1,0,0,0,78,0.43,29,,-,-,-
2026-06-23,SIMU-8101426,ISOT-009,N1,60,27,565,74,0.76,-127,,-,-,-
2026-06-23,SIMU-8101513,ISOT-014,N1,-,-,570,-,0.78,-,Depressurized,0.79,0.73,Depressure
2026-06-23,SIMU-8101581,ISOT-017,N1,71,31,655,77,0.8,-126,,-,-,-
2026-06-23,SIMU-8101750,ISOT-026,N1,75,34,640,39,0.76,-128,Depressurized,0.8,0.71,Depressure
2026-06-23,SIMU-8101848,ISOT-031,N1,-,-,575,-,0.78,-,,-,-,-
2026-06-23,SIMU-8101909,ISOT-036,N1,-,-,600,-,0.78,-,Depressurized,0.8,0.72,Depressure
2026-06-23,SIMU-8103711,ISOT-086,N1,81,36,635,75,0.77,-124,,-,-,-
2026-06-23,SIMU-8103732,ISOT-088,N1,69,31,670,79,0.77,-125,Depressurized,0.79,0.7,Depressure
2026-06-23,SIMU-8111297,ISOT-103,N1,67,30,640,74,0.77,-128,Depressurized,0.8,0.71,Depressure
2026-06-23,SIMU-8113176,ISOT-120,N1,74,33,635,75,0.79,-130,,-,-,-
2026-06-23,SIMU-8102567,ISOT-064,N1,0,0,0,78,0.43,29,,-,-,-
2026-06-22,SIMU-8101426,ISOT-009,N1,64,29,565,75,0.7,-128,Depressurized,0.79,0.7,Depressure
2026-06-22,SIMU-8101513,ISOT-014,N1,-,-,570,-,0.73,-,Depressurized,0.8,0.73,Depressure
2026-06-22,SIMU-8101581,ISOT-017,N1,71,32,655,76,0.73,-127,Depressurized,0.79,0.73,Depressure
2026-06-22,SIMU-8101750,ISOT-026,N1,76,34,645,45,0.78,-128,,-,-,-
2026-06-22,SIMU-8101848,ISOT-031,N1,73,33,575,43,0.7,-126,Depressurized,0.8,0.7,Depressure
2026-06-22,SIMU-8101909,ISOT-036,N1,-,-,600,-,0.79,-,,-,-,-
2026-06-22,SIMU-8103711,ISOT-086,N1,82,37,630,75,0.72,-124,Depressurized,0.79,0.72,Depressure
2026-06-22,SIMU-8103732,ISOT-088,N1,70,32,690,80,0.71,-125,Depressurized,0.81,0.71,Depressure
2026-06-22,SIMU-8111297,ISOT-103,N1,68,30,645,75,0.79,-128,,-,-,-
2026-06-22,SIMU-8113176,ISOT-120,N1,75,34,635,76,0.73,-131,Depressurized,0.8,0.73,Depressure
2026-06-22,SIMU-8102567,ISOT-064,N1,0,0,0,78,0.43,29,,-,-,-
2026-06-21,SIMU-8101426,ISOT-009,N1,64,29,570,75,0.78,-128,,-,-,-
2026-06-21,SIMU-8101513,ISOT-014,N1,-,-,570,-,0.74,-,Depressurized,0.8,0.74,Depressure
2026-06-21,SIMU-8101581,ISOT-017,N1,71,32,655,76,0.73,-127,Depressurized,0.8,0.73,Depressure
2026-06-21,SIMU-8101750,ISOT-026,N1,76,34,640,45,0.72,-129,Depressurized,0.79,0.72,Depressure
2026-06-21,SIMU-8101848,ISOT-031,N1,73,33,595,43,0.76,-126,,-,-,-
2026-06-21,SIMU-8101909,ISOT-036,N1,-,-,600,-,0.71,-,Depressurized,0.79,0.71,Depressure
2026-06-21,SIMU-8103711,ISOT-086,N1,82,37,645,75,0.78,-124,,-,-,-
2026-06-21,SIMU-8103732,ISOT-088,N1,70,32,690,80,0.8,-125,,-,-,-
2026-06-21,SIMU-8111297,ISOT-103,N1,68,30,660,75,0.71,-128,Depressurized,0.8,0.71,Depressure
2026-06-21,SIMU-8113176,ISOT-120,N1,75,34,660,76,0.77,-131,,-,-,-
2026-06-21,SIMU-8102567,ISOT-064,N1,0,0,0,78,0.43,29,,-,-,-
2026-06-20,SIMU-8101426,ISOT-009,N1,64,29,570,75,0.77,-128,,-,-,-
2026-06-20,SIMU-8101513,ISOT-014,N1,-,-,570,-,0.8,-,,-,-,-
2026-06-20,SIMU-8101581,ISOT-017,N1,71,32,655,76,0.8,-127,,-,-,-
2026-06-20,SIMU-8101750,ISOT-026,N1,76,34,640,45,0.78,-129,,-,-,-
2026-06-20,SIMU-8101848,ISOT-031,N1,73,33,590,43,0.71,-126,Depressurized,0.8,0.71,Depressure
2026-06-20,SIMU-8101909,ISOT-036,N1,-,-,600,-,0.72,-,Depressurized,0.79,0.72,Depressure
2026-06-20,SIMU-8103711,ISOT-086,N1,82,37,645,75,0.77,-124,,-,-,-
2026-06-20,SIMU-8103732,ISOT-088,N1,70,32,690,80,0.71,-125,Depressurized,0.79,0.71,Depressure
2026-06-20,SIMU-8111297,ISOT-103,N1,68,30,660,75,0.8,-128,,-,-,-
2026-06-20,SIMU-8113176,ISOT-120,N1,75,34,660,76,0.72,-131,Depressurized,0.79,0.72,Depressure
2026-06-20,SIMU-8102567,ISOT-064,N1,0,0,0,78,0.43,29,,-,-,-
2026-06-19,SIMU-8101426,ISOT-009,N1,64,29,570,75,0.74,-128,,-,-,-
2026-06-19,SIMU-8101513,ISOT-014,N1,-,-,570,-,0.71,-,Depressurized,0.8,0.71,Depressure
2026-06-19,SIMU-8101581,ISOT-017,N1,71,32,655,76,0.71,-127,Depressurized,0.8,0.71,Depressure
2026-06-19,SIMU-8101750,ISOT-026,N1,76,34,655,45,0.69,-129,Depressurized,0.79,0.69,Depressure
2026-06-19,SIMU-8101848,ISOT-031,N1,73,33,590,43,0.77,-126,,-,-,-
2026-06-19,SIMU-8101909,ISOT-036,N1,-,-,600,-,0.78,-,,-,-,-
2026-06-19,SIMU-8103711,ISOT-086,N1,82,37,645,75,0.7,-124,Depressurized,0.79,0.7,Depressure
2026-06-19,SIMU-8103732,ISOT-088,N1,70,32,690,80,0.71,-125,Depressurized,0.8,0.71,Depressure
2026-06-19,SIMU-8111297,ISOT-103,N1,68,30,660,75,0.77,-128,,-,-,-
2026-06-19,SIMU-8113176,ISOT-120,N1,75,34,660,76,0.78,-131,,-,-,-
2026-06-19,SIMU-8102567,ISOT-064,N1,0,0,0,78,0.43,29,,-,-,-
2026-06-18,SIMU-8101426,ISOT-009,N1,64,29,595,75,0.75,-128,,-,-,-
2026-06-18,SIMU-8101513,ISOT-014,N1,-,-,570,-,0.77,-,,-,-,-
2026-06-18,SIMU-8101581,ISOT-017,N1,71,32,655,76,0.77,-127,,-,-,-
2026-06-18,SIMU-8101750,ISOT-026,N1,76,34,655,45,0.76,-129,,-,-,-
2026-06-18,SIMU-8101848,ISOT-031,N1,73,33,595,43,0.7,-126,Depressurized,0.79,0.69,Depressure
2026-06-18,SIMU-8101909,ISOT-036,N1,-,-,600,-,0.7,-,Depressurized,0.8,0.7,Depressure
2026-06-18,SIMU-8103711,ISOT-086,N1,82,37,645,75,0.76,-124,,-,-,-
2026-06-18,SIMU-8103732,ISOT-088,N1,70,32,690,80,0.76,-125,,-,-,-
2026-06-18,SIMU-8111297,ISOT-103,N1,68,30,655,75,0.71,-128,Depressurized,0.79,0.7,Depressure
2026-06-18,SIMU-8113176,ISOT-120,N1,75,34,660,76,0.71,-131,Depressurized,0.79,0.7,Depress
2026-06-18,SIMU-8102567,ISOT-064,N1,0,0,0,78,0.43,29,,-,-,-
2026-06-17,SIMU-8101426,ISOT-009,N1,64,29,595,75,0.74,-128,,-,-,-
2026-06-17,SIMU-8101513,ISOT-014,N1,-,-,570,-,0.71,-,Depressurized,0.8,0.71,Depressure
2026-06-17,SIMU-8101581,ISOT-017,N1,71,32,655,76,0.7,-127,Depressurized,0.78,0.7,Depressure
2026-06-17,SIMU-8101750,ISOT-026,N1,76,34,655,45,0.7,-129,Depressurized,0.79,0.7,Depressure
2026-06-17,SIMU-8101848,ISOT-031,N1,73,33,595,43,0.75,-127,,-,-,-
2026-06-17,SIMU-8101909,ISOT-036,N1,-,-,610,-,0.76,-,,-,-,-
2026-06-17,SIMU-8103711,ISOT-086,N1,82,37,645,75,0.75,-124,,-,-,-
2026-06-17,SIMU-8103732,ISOT-088,N1,70,32,690,80,0.71,-125,Depressurized,0.81,0.71,Depressure
2026-06-17,SIMU-8111297,ISOT-103,N1,68,30,655,75,0.75,-129,,-,-,-
2026-06-17,SIMU-8113176,ISOT-120,N1,75,34,660,76,0.76,-131,,-,-,-
2026-06-17,SIMU-8102567,ISOT-064,N1,0,0,0,78,0.43,29,,-,-,-
2026-06-16,SIMU-8101426,ISOT-009,N1,64,29,595,75,0.69,-127,Depressurized,0.79,0.69,depressure
2026-06-16,SIMU-8101513,ISOT-014,N1,-,-,570,-,0.77,-,,-,-,-
2026-06-16,SIMU-8101581,ISOT-017,N1,71,32,655,76,0.71,-127,Depressurized,0.78,0.7,Depressure
2026-06-16,SIMU-8101750,ISOT-026,N1,76,34,655,45,0.75,-129,,-,-,-
2026-06-16,SIMU-8101848,ISOT-031,N1,73,33,595,43,0.7,-127,Depressurized,0.79,0.7,Depressure
2026-06-16,SIMU-8101909,ISOT-036,N1,-,-,610,-,0.71,-,Depressurized,0.79,0.71,Depressure
2026-06-16,SIMU-8103711,ISOT-086,N1,82,37,645,75,0.7,-124,Depressurized,0.79,0.7,Depressure
2026-06-16,SIMU-8103732,ISOT-088,N1,70,32,690,80,0.77,-125,,-,-,-
2026-06-16,SIMU-8111297,ISOT-103,N1,68,30,655,75,0.7,-129,Depressurized,0.79,0.7,Depressure
2026-06-16,SIMU-8113176,ISOT-120,N1,75,34,660,76,0.7,-131,Depressurized,0.79,0.7,Depressure
2026-06-16,SIMU-8102567,ISOT-064,N1,0,0,0,78,0.43,29,,-,-,-
2026-06-15,SIMU-8101426,ISOT-009,N1,64,29,595,75,0.77,-127,,-,-,-
2026-06-15,SIMU-8101513,ISOT-014,N1,-,-,571,-,0.71,-,Depressurized,0.79,0.71,Depressure
2026-06-15,SIMU-8101581,ISOT-017,N1,71,32,655,76,0.77,-129,,-,-,-
2026-06-15,SIMU-8101750,ISOT-026,N1,76,34,655,45,0.7,-129,Depressurized,0.8,0.7,Depressure
2026-06-15,SIMU-8101848,ISOT-031,N1,73,33,595,43,0.75,-127,,-,-,-
2026-06-15,SIMU-8101909,ISOT-036,N1,-,-,610,-,0.75,-,,-,-,-
2026-06-15,SIMU-8103711,ISOT-086,N1,82,37,645,75,0.76,-124,,-,-,-
2026-06-15,SIMU-8103732,ISOT-088,N1,70,32,690,80,0.7,-125,Depressurized,0.8,0.7,Depressure
2026-06-15,SIMU-8111297,ISOT-103,N1,68,30,655,75,0.76,-129,,-,-,-
2026-06-15,SIMU-8113176,ISOT-120,N1,57,34,660,76,0.76,-131,,-,-,-
2026-06-15,SIMU-8102567,ISOT-064,N1,0,0,0,78,0.43,29,,-,-,-
2026-06-14,SIMU-8101426,ISOT-009,N1,64,29,595,75,0.71,-127,Depressurized,0.79,0.71,Depressure
2026-06-14,SIMU-8101513,ISOT-014,N1,-,-,570,-,0.76,-,,-,-,-
2026-06-14,SIMU-8101581,ISOT-017,N1,71,32,655,76,0.7,-127,Depressurized,0.8,0.7,Depressure
2026-06-14,SIMU-8101750,ISOT-026,N1,76,34,655,45,0.76,-129,,-,-,-
2026-06-14,SIMU-8101848,ISOT-031,N1,73,33,595,43,0.7,-127,Depressurized,0.79,0.69,Depressure
2026-06-14,SIMU-8101909,ISOT-036,N1,-,-,610,-,0.71,-,Depressurized,0.8,0.7,Depressure
2026-06-14,SIMU-8103711,ISOT-086,N1,82,37,650,75,0.74,-124,,-,-,-
2026-06-14,SIMU-8103732,ISOT-088,N1,70,31,690,80,0.77,-125,,-,-,-
2026-06-14,SIMU-8111297,ISOT-103,N1,68,30,655,75,0.7,-129,Depressurized,0.78,0.7,Depressure
2026-06-14,SIMU-8113176,ISOT-120,N1,75,34,660,76,0.71,-131,Depressurized,0.79,0.71,Depressure
2026-06-14,SIMU-8102567,ISOT-064,N1,0,0,0,78,0.43,29,,-,-,-
2026-06-13,SIMU-8101426,ISOT-009,N1,64,29,595,75,0.79,-126,,-,-,-
2026-06-13,SIMU-8101513,ISOT-014,N1,-,-,570,-,0.71,-,Depressurized,0.79,0.71,Depressure
2026-06-13,SIMU-8101581,ISOT-017,N1,71,32,655,76,0.79,-127,,-,-,-
2026-06-13,SIMU-8101750,ISOT-026,N1,76,34,655,45,0.76,-128,,-,-,-
2026-06-13,SIMU-8101848,ISOT-031,N1,73,33,595,43,0.77,-127,,-,-,-
2026-06-13,SIMU-8101909,ISOT-036,N1,-,-,610,-,0.78,-,,-,-,-
2026-06-13,SIMU-8103711,ISOT-086,N1,82,37,650,75,0.7,-124,Depressurized,0.78,0.7,Depressure
2026-06-13,SIMU-8103732,ISOT-088,N1,70,31,690,80,0.7,-125,Depressurized,0.8,0.7,Depressure
2026-06-13,SIMU-8111297,ISOT-103,N1,68,30,655,75,0.79,-129,,-,-,-
2026-06-13,SIMU-8113176,ISOT-120,N1,75,34,660,76,0.78,-131,,-,-,-
2026-06-13,SIMU-8102567,ISOT-064,N1,0,0,0,78,0.43,29,,-,-,-
2026-06-12,SIMU-8101426,ISOT-009,N1,64,29,595,75,0.77,-126,,-,-,-
2026-06-12,SIMU-8101513,ISOT-014,N1,-,-,570,-,0.78,-,,-,-,-
2026-06-12,SIMU-8101581,ISOT-017,N1,71,32,655,76,0.75,-127,Depressurized,0.8,0.7,Depressure
2026-06-12,SIMU-8101750,ISOT-026,N1,76,34,655,45,0.74,-129,Depressurized,0.78,0.69,Depressure
2026-06-12,SIMU-8101848,ISOT-031,N1,73,33,595,43,0.75,-127,Depressurized,0.79,0.69,Depressure
2026-06-12,SIMU-8101909,ISOT-036,N1,-,-,615,-,0.76,-,Depressurized,0.79,0.7,Depressure
2026-06-12,SIMU-8103711,ISOT-086,N1,82,37,650,75,0.78,-124,,-,-,-
2026-06-12,SIMU-8103732,ISOT-088,N1,70,31,695,80,0.79,-125,,-,-,-
2026-06-12,SIMU-8111297,ISOT-103,N1,68,30,655,75,0.77,-129,,-,-,-
2026-06-12,SIMU-8113176,ISOT-120,N1,75,34,660,76,0.76,-130,,-,-,-
2026-06-12,SIMU-8102567,ISOT-064,N1,0,0,0,78,0.43,29,,-,-,-
2026-06-11,SIMU-8101426,ISOT-009,N1,64,29,595,75,0.74,-127,,-,-,-
2026-06-11,SIMU-8101513,ISOT-014,N1,-,-,570,-,0.75,-,Depressurized,0.79,0.71,Depressure
2026-06-11,SIMU-8101581,ISOT-017,N1,72,32,655,76,0.78,-127,,-,-,-
2026-06-11,SIMU-8101750,ISOT-026,N1,77,34,655,45,0.75,-128,,-,-,-
2026-06-11,SIMU-8101848,ISOT-031,N1,73,33,600,43,0.76,-127,,-,-,-
2026-06-11,SIMU-8101909,ISOT-036,N1,-,-,615,-,0.78,-,,-,-,-
2026-06-11,SIMU-8103711,ISOT-086,N1,82,37,650,75,0.75,-124,Depressurized,0.78,0.71,Depressure
2026-06-11,SIMU-8103732,ISOT-088,N1,70,31,695,80,0.76,-125,Depressurized,0.8,0.7,Depressure
2026-06-11,SIMU-8111297,ISOT-103,N1,68,30,655,75,0.74,-129,Depressurized,-,-,Depressure
2026-06-11,SIMU-8113176,ISOT-120,N1,76,34,660,76,0.73,-131,Depressurized,0.78,0.7,Depressure
2026-06-11,SIMU-8102567,ISOT-064,N1,0,0,0,78,0.43,29,,-,-,-
2026-06-10,SIMU-8101426,ISOT-009,N1,66,30,630,75,0.76,-127,,-,-,-
2026-06-10,SIMU-8101513,ISOT-014,N1,-,-,575,-,0.78,-,Depressurized,0.79,0.71,Depressure
2026-06-10,SIMU-8101581,ISOT-017,N1,73,32,655,76,0.75,-127,Depressurized,-,-,Depressure
2026-06-10,SIMU-8101750,ISOT-026,N1,77,35,655,47,0.74,-129,Depressurized,-,-,Depressure
2026-06-10,SIMU-8101848,ISOT-031,N1,73,33,600,45,0.74,-127,Depressurized,-,-,Depressure
2026-06-10,SIMU-8101909,ISOT-036,N1,-,-,615,-,0.75,-,Depressurized,-,-,Depressure
2026-06-10,SIMU-8103711,ISOT-086,N1,82,37,650,76,0.77,-124,Depressurized,0.78,0.71,Depressure
2026-06-10,SIMU-8103732,ISOT-088,N1,71,32,695,80,0.79,-125,Depressurized,0.8,0.7,Depressure
2026-06-10,SIMU-8111297,ISOT-103,N1,69,31,665,76,0.78,-129,,-,-,-
2026-06-10,SIMU-8113176,ISOT-120,N1,76,34,665,77,0.76,-131,Depressurized,0.78,0.7,Depressure
2026-06-10,SIMU-8102567,ISOT-064,N1,0,0,0,79,0.43,29,,-,-,-
2026-06-09,SIMU-8101426,ISOT-009,N1,66,30,630,75,0.74,-127,Depressurized,0.79,0.7,Depressure
2026-06-09,SIMU-8101513,ISOT-014,N1,-,-,575,-,0.76,-,Depressurized,0.78,0.71,Depressure
2026-06-09,SIMU-8101581,ISOT-017,N1,73,32,660,76,0.78,-127,,-,-,-
2026-06-09,SIMU-8101750,ISOT-026,N1,77,35,660,47,0.77,-129,,-,-,-
2026-06-09,SIMU-8101848,ISOT-031,N1,74,33,600,45,0.76,-127,,-,-,-
2026-06-09,SIMU-8101909,ISOT-036,N1,-,-,615,-,0.77,-,,-,-,-
2026-06-09,SIMU-8103711,ISOT-086,N1,82,37,650,76,0.75,-124,Depressurized,0.79,0.71,Depressure
2026-06-09,SIMU-8103732,ISOT-088,N1,71,32,695,80,0.76,-125,Depressurized,0.8,0.7,Depressure
2026-06-09,SIMU-8111297,ISOT-103,N1,69,31,660,76,0.76,-129,,-,-,-
2026-06-09,SIMU-8113176,ISOT-120,N1,76,34,665,77,0.76,-131,Depressurized,0.78,0.7,Depressure
2026-06-09,SIMU-8102567,ISOT-064,N1,0,0,0,79,0.43,29,,-,-,-
2026-06-08,SIMU-8101426,ISOT-009,N1,66,30,635,75,0.78,-127,,-,-,-
2026-06-08,SIMU-8101513,ISOT-014,N1,-,-,560,-,0.77,-,Depressurized,0.79,0.71,Depressure
2026-06-08,SIMU-8101581,ISOT-017,N1,72,32,660,78,0.75,-127,Depressurized,0.79,0.7,Depressure
2026-06-08,SIMU-8101750,ISOT-026,N1,77,35,660,47,0.75,-128,,-,-,-
2026-06-08,SIMU-8101848,ISOT-031,N1,74,33,600,45,0.75,-127,Depressurized,0.78,0.69,Depressure
2026-06-08,SIMU-8101909,ISOT-036,N1,-,-,625,-,0.75,-,Depressurized,0.79,0.7,Depressure
2026-06-08,SIMU-8103711,ISOT-086,N1,83,37,650,76,0.78,-124,,-,-,-
2026-06-08,SIMU-8103732,ISOT-088,N1,71,32,695,80,0.79,-125,,-,-,-
2026-06-08,SIMU-8111297,ISOT-103,N1,68,31,665,76,0.74,-129,Depressurized,0.78,0.69,Depressure
2026-06-08,SIMU-8113176,ISOT-120,N1,76,34,665,77,0.76,-131,,-,-,-
2026-06-08,SIMU-8102567,ISOT-064,N1,0,0,0,79,0.43,29,,-,-,-
2026-06-07,SIMU-8101426,ISOT-009,N1,66,30,635,75,0.76,-127,,-,-,-
2026-06-07,SIMU-8101513,ISOT-014,N1,-,-,560,-,0.78,-,,-,-,-
2026-06-07,SIMU-8101581,ISOT-017,N1,72,32,660,78,0.77,-127,,-,-,-
2026-06-07,SIMU-8101750,ISOT-026,N1,77,35,660,47,0.72,-128,Depressurized,0.78,0.69,Depressure
2026-06-07,SIMU-8101848,ISOT-031,N1,74,33,600,45,0.75,-127,,-,-,-
2026-06-07,SIMU-8101909,ISOT-036,N1,-,-,620,-,0.79,-,,-,-,-
2026-06-07,SIMU-8103711,ISOT-086,N1,82,37,650,76,0.76,-124,,-,-,-
2026-06-07,SIMU-8103732,ISOT-088,N1,71,32,695,80,0.76,-125,Depressurized,0.79,0.69,Depressure
2026-06-07,SIMU-8111297,ISOT-103,N1,69,31,665,76,0.77,-128,,-,-,-
2026-06-07,SIMU-8113176,ISOT-120,N1,76,34,665,77,0.74,-131,Depressurized,-,-,Depressure
2026-06-07,SIMU-8102567,ISOT-064,N1,0,0,0,79,0.43,29,,-,-,-
2026-06-06,SIMU-8101426,ISOT-009,N1,66,30,635,75,0.74,-127,Depressurized,0.79,0.7,Depressure
2026-06-06,SIMU-8101513,ISOT-014,N1,-,-,570,-,0.76,-,Depressurized,0.79,0.7,Depressure
2026-06-06,SIMU-8101581,ISOT-017,N1,72,32,660,78,0.74,-127,Depressurized,0.79,0.7,Depressure
2026-06-06,SIMU-8101750,ISOT-026,N1,78,35,660,47,0.75,-128,,-,-,-
2026-06-06,SIMU-8101848,ISOT-031,N1,74,33,600,45,0.71,-127,Depressurized,0.78,0.69,Depressure
2026-06-06,SIMU-8101909,ISOT-036,N1,-,-,620,-,0.76,-,Depressurized,0.79,0.7,Depressure
2026-06-06,SIMU-8103711,ISOT-086,N1,83,37,650,76,0.74,-124,Depressurized,-,-,Depressure
2026-06-06,SIMU-8103732,ISOT-088,N1,71,32,710,80,0.78,-125,,-,-,-
2026-06-06,SIMU-8111297,ISOT-103,N1,69,31,665,76,0.74,-128,Depressurized,0.78,0.7,Depressure
2026-06-06,SIMU-8113176,ISOT-120,N1,77,34,690,77,0.76,-131,,-,-,-
2026-06-06,SIMU-8102567,ISOT-064,N1,0,0,0,79,0.43,29,,-,-,-
2026-06-05,SIMU-8101426,ISOT-009,N1,67,30,635,75,0.78,-127,,-,-,-
2026-06-05,SIMU-8101513,ISOT-014,N1,-,-,570,-,0.78,-,,-,-,-
2026-06-05,SIMU-8101581,ISOT-017,N1,72,32,660,78,0.78,-127,,-,-,-
2026-06-05,SIMU-8101750,ISOT-026,N1,78,35,660,47,0.74,-128,Depressurized,0.79,0.69,Depressure
2026-06-05,SIMU-8101848,ISOT-031,N1,74,33,605,45,0.78,-127,,-,-,-
2026-06-05,SIMU-8101909,ISOT-036,N1,-,-,620,-,0.79,-,,-,-,-
2026-06-05,SIMU-8103711,ISOT-086,N1,83,37,660,76,0.78,-124,,-,-,-
2026-06-05,SIMU-8103732,ISOT-088,N1,71,32,710,80,0.75,-125,Depressurized,0.78,0.69,Depressure
2026-06-05,SIMU-8111297,ISOT-103,N1,69,31,665,76,0.77,-129,,-,-,-
2026-06-05,SIMU-8113176,ISOT-120,N1,76,34,690,77,0.74,-131,Depressurized,0.78,0.7,Depressure
2026-06-05,SIMU-8102567,ISOT-064,N1,0,0,0,79,0.43,29,,-,-,-
2026-06-04,SIMU-8101426,ISOT-009,N1,67,30,635,75,0.76,-127,,-,-,-
2026-06-04,SIMU-8101513,ISOT-014,N1,-,-,580,-,0.76,-,Depressurized,0.79,0.71,Depressure
2026-06-04,SIMU-8101581,ISOT-017,N1,72,32,660,78,0.74,-127,Depressurized,0.79,0.7,Depressure
2026-06-04,SIMU-8101750,ISOT-026,N1,78,35,665,47,0.76,-128,,-,-,-
2026-06-04,SIMU-8101848,ISOT-031,N1,74,33,605,45,0.72,-127,Depressurized,0.78,0.69,Depressure
2026-06-04,SIMU-8101909,ISOT-036,N1,-,-,625,-,0.76,-,Depressurized,0.79,0.71,Depressure
2026-06-04,SIMU-8103711,ISOT-086,N1,83,37,665,76,0.76,-124,,-,-,-
2026-06-04,SIMU-8103732,ISOT-088,N1,71,32,710,80,0.76,-125,Depressurized,0.79,0.7,Depressure
2026-06-04,SIMU-8111297,ISOT-103,N1,69,31,665,76,0.75,-128,Depressurized,0.78,0.7,Depressure
2026-06-04,SIMU-8113176,ISOT-120,N1,77,34,685,77,0.77,-130,Depressurized,0.78,0.7,Depressure
2026-06-04,SIMU-8102567,ISOT-064,N1,0,0,0,79,0.43,29,,-,-,-
2026-06-03,SIMU-8101426,ISOT-009,N1,67,30,635,75,0.74,-127,Depressurized,0.78,0.7,Depressure
2026-06-03,SIMU-8101513,ISOT-014,N1,-,-,580,-,0.78,-,,-,-,-
2026-06-03,SIMU-8101581,ISOT-017,N1,72,32,665,78,0.77,-127,,-,-,-
2026-06-03,SIMU-8101750,ISOT-026,N1,78,35,665,47,0.74,-128,Depressurized,0.78,0.69,Depressure
2026-06-03,SIMU-8101848,ISOT-031,N1,75,33,605,45,0.76,-127,,-,-,-
2026-06-03,SIMU-8101909,ISOT-036,N1,-,-,625,-,0.78,-,,-,-,-
2026-06-03,SIMU-8103711,ISOT-086,N1,83,37,665,76,0.73,-124,Depressurized,-,-,Depressure
2026-06-03,SIMU-8103732,ISOT-088,N1,71,32,710,80,0.79,-125,,-,-,-
2026-06-03,SIMU-8111297,ISOT-103,N1,70,31,670,76,0.77,-128,,-,-,-
2026-06-03,SIMU-8113176,ISOT-120,N1,78,34,680,77,0.74,-130,Depressurized,0.78,0.71,Depressure
2026-06-03,SIMU-8102567,ISOT-064,N1,0,0,0,79,0.43,29,,-,-,-
2026-06-02,SIMU-8101426,ISOT-009,N1,67,30,635,75,0.77,-127,,-,-,-
2026-06-02,SIMU-8101513,ISOT-014,N1,-,-,580,-,0.76,-,Depressurized,0.8,0.71,Depressure
2026-06-02,SIMU-8101581,ISOT-017,N1,73,33,660,78,0.74,-127,Depressurized,0.79,0.7,Depressure
2026-06-02,SIMU-8101750,ISOT-026,N1,79,35,665,49,0.76,-128,,-,-,-
2026-06-02,SIMU-8101848,ISOT-031,N1,75,34,605,46,0.72,-127,Depressurized,0.8,0.71,Depressure
2026-06-02,SIMU-8101909,ISOT-036,N1,-,-,625,-,0.76,-,Depressurized,0.8,0.7,Depressure
2026-06-02,SIMU-8103711,ISOT-086,N1,83,37,665,76,0.76,-124,Depressurized,0.78,0.7,Depressure
2026-06-02,SIMU-8103732,ISOT-088,N1,71,32,710,80,0.76,-125,Depressurized,-,-,Depressure
2026-06-02,SIMU-8111297,ISOT-103,N1,70,31,670,76,0.75,-128,Depressurized,0.79,0.7,Depressure
2026-06-02,SIMU-8113176,ISOT-120,N1,78,35,700,77,0.77,-130,,-,-,-
2026-06-02,SIMU-8102567,ISOT-064,N1,0,0,0,79,0.43,29,,-,-,-
2026-06-01,SIMU-8101426,ISOT-009,N1,67,30,635,75,0.76,-127,,-,-,-
2026-06-01,SIMU-8101513,ISOT-014,N1,-,-,580,-,0.79,-,,-,-,-
2026-06-01,SIMU-8101581,ISOT-017,N1,74,33,665,78,0.77,-127,,-,-,-
2026-06-01,SIMU-8101750,ISOT-026,N1,78,35,665,49,0.73,-128,Depressurized,0.79,0.7,Depressure
2026-06-01,SIMU-8101848,ISOT-031,N1,75,34,605,46,0.76,-127,,-,-,-
2026-06-01,SIMU-8101909,ISOT-036,N1,76,34,630,-,0.79,-126,,-,-,-
2026-06-01,SIMU-8103711,ISOT-086,N1,84,37,665,76,0.75,-124,Depressurized,0.78,0.7,Depressure
2026-06-01,SIMU-8103732,ISOT-088,N1,72,32,710,80,0.79,-125,,-,-,-
2026-06-01,SIMU-8111297,ISOT-103,N1,70,31,670,76,0.79,-128,,-,-,-
2026-06-01,SIMU-8113176,ISOT-120,N1,78,35,680,77,0.75,-131,Depressurized,0.78,0.7,Depressure
2026-06-01,SIMU-8102567,ISOT-064,N1,0,0,0,79,0.43,29,,-,-,-
2026-05-31,SIMU-8101426,ISOT-009,N1,-,-,-,-,0.7,-127,Depressurized,-,-,Depressure
2026-05-31,SIMU-8101513,ISOT-014,N1,-,-,-,-,0.71,-,Depressurized,-,-,Depressure
2026-05-31,SIMU-8101581,ISOT-017,N1,-,-,-,-,0.7,-127,Depressurized,-,-,Depressure
2026-05-31,SIMU-8101750,ISOT-026,N1,-,-,-,-,-,-,,-,-,-
2026-05-31,SIMU-8101848,ISOT-031,N1,-,-,-,-,0.69,-127,Depressurized,-,-,Depressure
2026-05-31,SIMU-8101909,ISOT-036,N1,-,-,-,-,0.7,-126,Depressurized,-,-,Depressure
2026-05-31,SIMU-8102567,ISOT-064,N1,-,-,-,-,-,-,,-,-,-
2026-05-31,SIMU-8103711,ISOT-086,N1,-,-,-,-,-,-,,-,-,-
2026-05-31,SIMU-8103732,ISOT-088,N1,-,-,-,-,0.69,-125,Depressurized,-,-,Depressure
2026-05-31,SIMU-8111297,ISOT-103,N1,-,-,-,-,-,-,,-,-,-
2026-05-31,SIMU-8113176,ISOT-120,N1,-,-,-,-,-,-,,-,-,-
2026-05-30,SIMU-8101426,ISOT-009,N1,68,30,635,75,0.76,-127,,-,-,-
2026-05-30,SIMU-8101513,ISOT-014,N1,-,-,580,-,0.76,-,,-,-,-
2026-05-30,SIMU-8101581,ISOT-017,N1,75,33,670,78,0.75,-127,Depressurized,0.79,0.7,Depressure
2026-05-30,SIMU-8101750,ISOT-026,N1,79,35,670,49,0.74,-128,Depressurized,0.79,0.7,Depressure
2026-05-30,SIMU-8101848,ISOT-031,N1,76,34,615,46,0.77,-127,,-,-,-
2026-05-30,SIMU-8101909,ISOT-036,N1,76,34,640,42,0.78,-126,,-,-,-
2026-05-30,SIMU-8102567,ISOT-064,N1,0,0,0,79,0.43,29,,-,-,-
2026-05-30,SIMU-8103711,ISOT-086,N1,84,37,665,76,0.74,-124,Depressurized,0.78,0.7,Depressure
2026-05-30,SIMU-8103732,ISOT-088,N1,72,32,710,80,0.78,-125,,-,-,-
2026-05-30,SIMU-8111297,ISOT-103,N1,70,31,670,76,0.74,-129,Depressurized,0.78,0.7,Depressure
2026-05-30,SIMU-8113176,ISOT-120,N1,78,35,685,77,0.74,-131,Depressurized,0.78,0.71,Depressure
2026-05-29,SIMU-8101426,ISOT-009,N1,68,30,645,75,0.74,-127,Depressurized,0.78,0.7,Depressure
2026-05-29,SIMU-8101513,ISOT-014,N1,-,-,590,-,0.76,-,Depressurized,0.79,0.72,Depressure
2026-05-29,SIMU-8101581,ISOT-017,N1,75,33,675,78,0.78,-127,,-,-,-
2026-05-29,SIMU-8101750,ISOT-026,N1,79,36,675,51,0.76,-128,,-,-,-
2026-05-29,SIMU-8101848,ISOT-031,N1,76,34,620,46,0.75,-127,Depressurized,0.77,0.7,Depressure
2026-05-29,SIMU-8101909,ISOT-036,N1,76,34,640,45,0.75,-126,Depressurized,0.77,0.7,Depressure
2026-05-29,SIMU-8102567,ISOT-064,N1,0,0,0,79,0.43,29,,-,-,-
2026-05-29,SIMU-8103711,ISOT-086,N1,84,37,665,76,0.76,-124,,-,-,-
2026-05-29,SIMU-8103732,ISOT-088,N1,72,33,710,80,0.75,-125,Depressurized,0.77,0.69,Depressure
2026-05-29,SIMU-8111297,ISOT-103,N1,71,31,675,76,0.77,-129,,-,-,-
2026-05-29,SIMU-8113176,ISOT-120,N1,78,35,685,77,0.77,-131,,-,-,-
2026-05-28,SIMU-8101426,ISOT-009,N1,68,30,645,75,0.77,-127,,-,-,-
2026-05-28,SIMU-8101513,ISOT-014,N1,-,-,600,-,0.78,-,,-,-,-
2026-05-28,SIMU-8101581,ISOT-017,N1,75,33,675,78,0.75,-127,Depressurized,0.77,0.7,Depressure
2026-05-28,SIMU-8101750,ISOT-026,N1,79,36,675,51,0.75,-128,Depressurized,0.78,0.7,Depressure
2026-05-28,SIMU-8101848,ISOT-031,N1,76,34,620,47,0.76,-127,Depressurized,0.79,0.7,Depressure
2026-05-28,SIMU-8101909,ISOT-036,N1,76,34,640,45,0.76,-126,Depressurized,0.78,0.71,Depressure
2026-05-28,SIMU-8102567,ISOT-064,N1,0,0,0,79,0.43,29,,-,-,-
2026-05-28,SIMU-8103711,ISOT-086,N1,84,37,665,76,0.74,-124,Depressurized,0.78,0.7,Depressure
2026-05-28,SIMU-8103732,ISOT-088,N1,72,33,710,80,0.75,-125,Depressurized,0.78,0.7,Depressure
2026-05-28,SIMU-8111297,ISOT-103,N1,71,31,675,76,0.75,-129,Depressurized,0.77,0.7,Depressure
2026-05-28,SIMU-8113176,ISOT-120,N1,78,35,685,77,0.75,-131,Depressurized,0.79,0.7,Depressure
2026-05-27,SIMU-8101426,ISOT-009,N1,68,30,645,75,0.75,-127,Depressurized,0.8,0.7,Depressure
2026-05-27,SIMU-8101513,ISOT-014,N1,-,-,600,-,0.76,-,Depressurized,0.77,0.71,Depressure
2026-05-27,SIMU-8101581,ISOT-017,N1,75,33,680,78,0.75,-127,Depressurized,0.77,0.7,Depressure
2026-05-27,SIMU-8101750,ISOT-026,N1,80,36,670,51,0.75,-128,Depressurized,0.79,0.7,Depressure
2026-05-27,SIMU-8101848,ISOT-031,N1,76,34,620,47,0.77,-127,,-,-,-
2026-05-27,SIMU-8101909,ISOT-036,N1,76,34,640,45,0.76,-126,Depressurized,0.79,0.71,Depressure
2026-05-27,SIMU-8102567,ISOT-064,N1,0,0,0,79,0.43,29,,-,-,-
2026-05-27,SIMU-8103711,ISOT-086,N1,85,38,670,76,0.76,-124,,-,-,-
2026-05-27,SIMU-8103732,ISOT-088,N1,72,33,715,81,0.76,-125,Depressurized,0.78,0.7,Depressure
2026-05-27,SIMU-8111297,ISOT-103,N1,71,31,685,76,0.76,-129,Depressurized,0.79,0.7,Depressure
2026-05-27,SIMU-8113176,ISOT-120,N1,79,35,690,77,0.77,-131,,-,-,-
2026-05-26,SIMU-8101426,ISOT-009,N1,68,30,650,75,0.78,-126,,-,-,-
2026-05-26,SIMU-8101513,ISOT-014,N1,-,-,600,-,0.71,-,Depressurized,0.79,0.71,Depressure
2026-05-26,SIMU-8101581,ISOT-017,N1,74,33,680,78,0.75,-126,Depressurized,0.78,0.7,Depressure
2026-05-26,SIMU-8101750,ISOT-026,N1,80,36,680,51,0.77,-128,,-,-,-
2026-05-26,SIMU-8101848,ISOT-031,N1,76,34,620,47,0.74,-127,Depressurized,0.77,0.7,Depressure
2026-05-26,SIMU-8101909,ISOT-036,N1,77,34,640,45,0.78,-126,,-,-,-
2026-05-26,SIMU-8102567,ISOT-064,N1,0,0,0,79,0.43,29,,-,-,-
2026-05-26,SIMU-8103711,ISOT-086,N1,84,38,670,76,0.74,-124,Depressurized,0.78,0.7,Depressure
2026-05-26,SIMU-8103732,ISOT-088,N1,73,33,715,81,0.77,-125,Depressurized,0.8,0.7,Depressure
2026-05-26,SIMU-8111297,ISOT-103,N1,71,32,685,76,0.78,-128,,-,-,-
2026-05-26,SIMU-8113176,ISOT-120,N1,78,35,690,77,0.75,-131,Depressurized,0.77,0.7,Depressure
2026-05-25,SIMU-8101426,ISOT-009,N1,68,30,650,75,0.76,-127,Depressurized,0.78,0.71,Depressure
2026-05-25,SIMU-8101513,ISOT-014,N1,-,-,600,-,0.78,-,,-,-,-
2026-05-25,SIMU-8101581,ISOT-017,N1,75,33,680,79,0.76,-127,Depressurized,0.78,0.7,Depressure
2026-05-25,SIMU-8101750,ISOT-026,N1,80,36,680,51,0.74,-128,Depressurized,0.77,0.7,Depressure
2026-05-25,SIMU-8101848,ISOT-031,N1,76,34,620,47,0.74,-126,Depressurized,0.78,0.7,Depressure
2026-05-25,SIMU-8101909,ISOT-036,N1,77,34,640,45,0.76,-126,Depressurized,0.77,0.71,Depressure
2026-05-25,SIMU-8102567,ISOT-064,N1,0,0,0,79,0.43,29,,-,-,-
2026-05-25,SIMU-8103711,ISOT-086,N1,85,38,670,76,0.75,-124,Depressurized,0.79,0.71,Depressure
2026-05-25,SIMU-8103732,ISOT-088,N1,73,33,715,81,0.79,-125,Depressurized,0.78,0.7,Depressure
2026-05-25,SIMU-8111297,ISOT-103,N1,71,32,685,76,0.76,-128,Depressurized,0.79,0.71,Depressure
2026-05-25,SIMU-8113176,ISOT-120,N1,79,35,690,77,0.75,-131,Depressurized,0.77,0.71,Depressure
2026-05-24,SIMU-8101426,ISOT-009,N1,69,31,665,76,0.77,-127,,-,-,-
2026-05-24,SIMU-8101513,ISOT-014,N1,76,34,600,42,0.75,-127,Depressurized,0.77,0.71,Depressure
2026-05-24,SIMU-8101581,ISOT-017,N1,75,33,685,79,0.76,-127,Depressurized,0.78,0.7,Depressure
2026-05-24,SIMU-8101750,ISOT-026,N1,80,36,685,51,0.75,-128,Depressurized,0.79,0.7,Depressure
2026-05-24,SIMU-8101848,ISOT-031,N1,77,34,625,48,0.74,-126,Depressurized,0.78,0.7,Depressure
2026-05-24,SIMU-8101909,ISOT-036,N1,77,35,640,45,0.76,-126,Depressurized,0.77,0.7,Depressure
2026-05-24,SIMU-8102567,ISOT-064,N1,0,0,0,79,0.43,28,,-,-,-
2026-05-24,SIMU-8103711,ISOT-086,N1,85,38,685,76,0.77,-124,,-,-,-
2026-05-24,SIMU-8103732,ISOT-088,N1,73,32,720,81,0.76,-125,Depressurized,0.78,0.7,Depressure
2026-05-24,SIMU-8111297,ISOT-103,N1,72,32,685,76,0.78,-128,,-,-,-
2026-05-24,SIMU-8113176,ISOT-120,N1,79,35,690,77,0.76,-130,Depressurized,0.78,0.71,Depressure
2026-05-23,SIMU-8101426,ISOT-009,N1,68,31,660,76,0.75,-126,Depressurized,0.78,0.71,Depressure
2026-05-23,SIMU-8101513,ISOT-014,N1,76,34,605,42,0.76,-127,Depressurized,0.76,0.71,Depressure
2026-05-23,SIMU-8101581,ISOT-017,N1,74,33,685,79,0.76,-126,Depressurized,0.79,0.71,Depressure
2026-05-23,SIMU-8101750,ISOT-026,N1,80,36,685,51,0.77,-128,,-,-,-
2026-05-23,SIMU-8101848,ISOT-031,N1,77,34,625,48,0.74,-126,Depressurized,0.79,0.71,Depressure
2026-05-23,SIMU-8101909,ISOT-036,N1,77,35,645,45,0.76,-126,Depressurized,0.79,0.71,Depressure
2026-05-23,SIMU-8102567,ISOT-064,N1,0,0,0,80,0.43,28,,-,-,-
2026-05-23,SIMU-8103711,ISOT-086,N1,85,38,685,76,0.75,-124,Depressurized,0.78,0.71,Depressure
2026-05-23,SIMU-8103732,ISOT-088,N1,73,32,720,81,0.76,-125,Depressurized,0.78,0.7,Depressure
2026-05-23,SIMU-8111297,ISOT-103,N1,72,32,685,76,0.76,-128,Depressurized,0.79,0.7,Depressure
2026-05-23,SIMU-8113176,ISOT-120,N1,79,35,685,77,0.76,-130,Depressurized,0.79,0.71,Depressure
2026-05-22,SIMU-8101426,ISOT-009,N1,69,31,660,76,0.76,-127,Depressurized,0.79,0.71,Depressure
2026-05-22,SIMU-8101513,ISOT-014,N1,-,-,605,-,0.76,-127,Depressurized,0.78,0.72,Depressure
2026-05-22,SIMU-8101581,ISOT-017,N1,75,33,685,79,0.76,-127,Depressurized,0.79,0.71,Depressure
2026-05-22,SIMU-8101750,ISOT-026,N1,81,36,685,51,0.7,-129,Depressurized,0.78,0.7,Depressure
2026-05-22,SIMU-8101848,ISOT-031,N1,77,34,630,48,0.75,-126,Depressurized,0.78,0.71,Depressure
2026-05-22,SIMU-8101909,ISOT-036,N1,78,35,655,46,0.76,-126,Depressurized,0.79,0.71,Depressure
2026-05-22,SIMU-8102567,ISOT-064,N1,0,0,0,80,0.43,28,,-,-,-
2026-05-22,SIMU-8103711,ISOT-086,N1,86,39,685,77,0.76,-124,Depressurized,0.79,0.71,Depressure
2026-05-22,SIMU-8103732,ISOT-088,N1,73,33,720,81,0.76,-125,Depressurized,0.78,0.7,Depressure
2026-05-22,SIMU-8111297,ISOT-103,N1,72,32,690,77,0.78,-128,,-,-,-
2026-05-22,SIMU-8113176,ISOT-120,N1,80,36,720,78,0.78,-131,,-,-,-
2026-05-21,SIMU-8101426,ISOT-009,N1,69,31,660,76,0.78,-127,,-,-,-
2026-05-21,SIMU-8101513,ISOT-014,N1,-,-,605,-,0.76,-127,Depressurized,0.78,0.72,Depressure
2026-05-21,SIMU-8101581,ISOT-017,N1,75,34,685,79,0.77,-127,Depressurized,0.79,0.72,Depressure
2026-05-21,SIMU-8101750,ISOT-026,N1,81,36,685,52,0.74,-128,Depressurized,0.78,0.7,Depressure
2026-05-21,SIMU-8101848,ISOT-031,N1,77,35,630,48,0.75,-126,Depressurized,0.79,0.71,Depressure
2026-05-21,SIMU-8101909,ISOT-036,N1,78,35,660,47,0.78,-126,Depressurized,0.79,0.72,Depressure
2026-05-21,SIMU-8102567,ISOT-064,N1,0,0,0,80,0.43,28,,-,-,-
2026-05-21,SIMU-8103711,ISOT-086,N1,86,38,680,77,0.77,-124,,-,-,-
2026-05-21,SIMU-8103732,ISOT-088,N1,74,33,720,81,0.77,-125,Depressurized,0.78,0.7,Depressure
2026-05-21,SIMU-8111297,ISOT-103,N1,72,32,700,77,0.76,-128,Depressurized,0.78,0.7,Depressure
2026-05-21,SIMU-8113176,ISOT-120,N1,80,36,720,78,0.71,-131,Depressurized,0.78,0.71,Depressure
2026-05-20,SIMU-8101426,ISOT-009,N1,69,31,660,76,0.72,-127,Depressurized,0.78,0.71,Depressure
2026-05-20,SIMU-8101513,ISOT-014,N1,-,-,605,-,0.76,-127,Depressurized,0.79,0.71,Depressure
2026-05-20,SIMU-8101581,ISOT-017,N1,76,34,685,80,0.71,-128,Depressurized,0.78,0.71,Depressure
2026-05-20,SIMU-8101750,ISOT-026,N1,81,36,685,52,0.75,-128,Depressurized,0.77,0.7,Depressure
2026-05-20,SIMU-8101848,ISOT-031,N1,78,35,630,48,0.75,-126,Depressurized,0.79,0.71,Depressure
2026-05-20,SIMU-8101909,ISOT-036,N1,78,35,660,47,0.76,-126,Depressurized,0.79,0.71,Depressure
2026-05-20,SIMU-8102567,ISOT-064,N1,0,0,0,80,0.43,28,,-,-,-
2026-05-20,SIMU-8103711,ISOT-086,N1,86,38,680,77,0.74,-124,Depressurized,0.77,0.71,Depressure
2026-05-20,SIMU-8103732,ISOT-088,N1,74,33,720,81,0.74,-125,Depressurized,0.78,0.7,Depressure
2026-05-20,SIMU-8111297,ISOT-103,N1,73,32,700,77,0.76,-128,Depressurized,0.79,0.71,Depressure
2026-05-20,SIMU-8113176,ISOT-120,N1,80,36,720,78,0.75,-131,Depressurized,0.77,0.71,Depressure
2026-05-19,SIMU-8101426,ISOT-009,N1,69,31,660,76,0.77,-127,,-,-,-
2026-05-19,SIMU-8101513,ISOT-014,N1,77,35,605,46,0.77,-127,,-,-,-
2026-05-19,SIMU-8101581,ISOT-017,N1,76,34,690,80,0.78,-128,Depressurized,0.78,0.71,Depressure
2026-05-19,SIMU-8101750,ISOT-026,N1,82,37,690,54,0.75,-129,Depressurized,0.77,0.72,Depressure
2026-05-19,SIMU-8101848,ISOT-031,N1,78,35,630,51,0.77,-126,Depressurized,0.79,0.72,Depressure
2026-05-19,SIMU-8101909,ISOT-036,N1,79,35,650,50,0.77,-126,Depressurized,0.78,0.71,Depressure
2026-05-19,SIMU-8102567,ISOT-064,N1,0,0,0,80,0.43,28,,-,-,-
2026-05-19,SIMU-8103711,ISOT-086,N1,86,39,685,77,0.75,-124,Depressurized,0.79,0.71,Depressure
2026-05-19,SIMU-8103732,ISOT-088,N1,74,33,720,82,0.76,-125,Depressurized,0.79,0.7,Depressure
2026-05-19,SIMU-8111297,ISOT-103,N1,73,33,690,75,0.78,-129,,-,-,-
2026-05-19,SIMU-8113176,ISOT-120,N1,81,36,720,78,0.75,-131,Depressurized,0.79,0.71,Depressure
2026-05-18,SIMU-8101426,ISOT-009,N1,69,31,660,76,0.76,-127,,-,-,-
2026-05-18,SIMU-8101513,ISOT-014,N1,77,35,605,46,0.76,-127,Depressurized,0.78,0.71,Depressure
2026-05-18,SIMU-8101581,ISOT-017,N1,76,34,690,80,0.77,-127,Depressurized,0.78,0.71,Depressure
2026-05-18,SIMU-8101750,ISOT-026,N1,82,37,690,54,0.76,-129,,-,-,-
2026-05-18,SIMU-8101848,ISOT-031,N1,78,35,630,51,0.77,-126,Depressurized,0.78,0.71,Depressure
2026-05-18,SIMU-8101909,ISOT-036,N1,79,35,650,50,0.77,-126,Depressurized,0.77,0.74,Depressure
2026-05-18,SIMU-8102567,ISOT-064,N1,0,0,0,80,0.43,28,,-,-,-
2026-05-18,SIMU-8103711,ISOT-086,N1,86,39,685,77,0.77,-124,,-,-,-
2026-05-18,SIMU-8103732,ISOT-088,N1,74,33,720,82,0.79,-125,,-,-,-
2026-05-18,SIMU-8111297,ISOT-103,N1,73,33,690,75,0.76,-129,Depressurized,0.78,0.71,Depressure
2026-05-18,SIMU-8113176,ISOT-120,N1,81,36,720,78,0.78,-131,,-,-,-
2026-05-17,SIMU-8101426,ISOT-009,N1,69,31,660,76,0.73,-127,Depressurized,0.78,0.69,Depressure
2026-05-17,SIMU-8101513,ISOT-014,N1,77,35,610,46,0.77,-127,,-,-,-
2026-05-17,SIMU-8101581,ISOT-017,N1,76,34,690,80,0.77,-127,Depressurized,0.79,0.7,Depressure
2026-05-17,SIMU-8101750,ISOT-026,N1,82,37,690,54,0.74,-129,Depressurized,0.78,0.69,Depressure
2026-05-17,SIMU-8101848,ISOT-031,N1,78,35,640,51,0.77,-126,Depressurized,0.8,0.71,Depressure
2026-05-17,SIMU-8101909,ISOT-036,N1,79,35,650,50,0.76,-126,Depressurized,0.78,0.71,Depressure
2026-05-17,SIMU-8102567,ISOT-064,N1,0,0,0,80,0.43,28,,-,-,-
2026-05-17,SIMU-8103711,ISOT-086,N1,86,39,680,77,0.75,-124,Depressurized,0.79,0.71,Depressure
2026-05-17,SIMU-8103732,ISOT-088,N1,74,33,720,82,0.76,-125,Depressurized,0.79,0.69,Depressure
2026-05-17,SIMU-8111297,ISOT-103,N1,73,33,690,75,0.78,-129,,-,-,-
2026-05-17,SIMU-8113176,ISOT-120,N1,81,36,720,78,0.76,-131,Depressurized,0.79,0.71,Depressure
2026-05-16,SIMU-8101426,ISOT-009,N1,69,31,660,76,0.77,-127,,-,-,-
2026-05-16,SIMU-8101513,ISOT-014,N1,77,35,610,46,0.75,-127,Depressurized,0.77,0.71,Depressure
2026-05-16,SIMU-8101581,ISOT-017,N1,76,34,690,80,0.78,-127,,-,-,-
2026-05-16,SIMU-8101750,ISOT-026,N1,82,37,690,54,0.76,-128,,-,-,-
2026-05-16,SIMU-8101848,ISOT-031,N1,78,35,640,51,0.79,-126,,-,-,-
2026-05-16,SIMU-8101909,ISOT-036,N1,79,35,650,50,0.76,-127,Depressurized,0.79,0.7,Depressure
2026-05-16,SIMU-8102567,ISOT-064,N1,0,0,0,80,0.43,28,,-,-,-
2026-05-16,SIMU-8103711,ISOT-086,N1,86,39,680,77,0.77,-124,Depressurized,0.79,0.71,Depressure
2026-05-16,SIMU-8103732,ISOT-088,N1,74,33,720,82,0.78,-125,,-,-,-
2026-05-16,SIMU-8111297,ISOT-103,N1,73,33,690,75,0.71,-129,Depressurized,0.78,0.7,Depressure
2026-05-16,SIMU-8113176,ISOT-120,N1,81,36,720,78,0.76,-131,,-,-,-
2026-05-15,SIMU-8101426,ISOT-009,N1,69,31,660,76,0.75,-127,,-,-,-
2026-05-15,SIMU-8101513,ISOT-014,N1,78,35,610,46,0.74,-127,,-,-,-
2026-05-15,SIMU-8101581,ISOT-017,N1,76,34,695,80,0.74,-127,Depressurized,0.77,0.7,Depressure
2026-05-15,SIMU-8101750,ISOT-026,N1,82,37,690,54,0.72,-128,Depressurized,0.78,0.68,Depressure
2026-05-15,SIMU-8101848,ISOT-031,N1,78,35,640,51,0.74,-126,Depressurized,0.8,0.71,Depressure
2026-05-15,SIMU-8101909,ISOT-036,N1,79,35,655,50,0.78,-127,,-,-,-
2026-05-15,SIMU-8102567,ISOT-064,N1,0,0,0,80,0.43,28,,-,-,-
2026-05-15,SIMU-8103711,ISOT-086,N1,86,39,680,77,0.78,-124,,-,-,-
2026-05-15,SIMU-8103732,ISOT-088,N1,74,33,720,82,0.74,-125,Depressurized,0.79,0.69,Depressure
2026-05-15,SIMU-8111297,ISOT-103,N1,74,33,690,75,0.78,-128,,-,-,-
2026-05-15,SIMU-8113176,ISOT-120,N1,81,36,700,78,0.74,-131,Depressurized,0.78,0.71,Depressure
2026-05-14,SIMU-8101426,ISOT-009,N1,70,31,660,77,0.73,-126,Depressurized,0.77,0.69,Depressure
2026-05-14,SIMU-8101513,ISOT-014,N1,78,35,615,46,0.74,-127,Depressurized,0.77,0.71,Depressure
2026-05-14,SIMU-8101581,ISOT-017,N1,77,34,695,80,0.75,-127,Depressurized,0.79,0.7,Depressure
2026-05-14,SIMU-8101750,ISOT-026,N1,82,37,695,54,0.77,-128,,-,-,-
2026-05-14,SIMU-8101848,ISOT-031,N1,79,35,650,51,0.78,-126,,-,-,-
2026-05-14,SIMU-8101909,ISOT-036,N1,79,35,655,50,0.74,-127,Depressurized,0.78,0.71,Depressure
2026-05-14,SIMU-8102567,ISOT-064,N1,0,0,0,80,0.43,28,,-,-,-
2026-05-14,SIMU-8103711,ISOT-086,N1,87,39,685,77,0.77,-124,,-,-,-
2026-05-14,SIMU-8103732,ISOT-088,N1,75,33,730,82,0.76,-125,,-,-,-
2026-05-14,SIMU-8111297,ISOT-103,N1,74,33,715,75,0.74,-129,Depressurized,0.78,0.7,Depressure
2026-05-14,SIMU-8113176,ISOT-120,N1,81,36,700,78,0.78,-131,,-,-,-
2026-05-13,SIMU-8101426,ISOT-009,N1,70,31,660,77,0.76,-127,,-,-,-
2026-05-13,SIMU-8101513,ISOT-014,N1,78,35,615,47,0.76,-127,,-,-,-
2026-05-13,SIMU-8101581,ISOT-017,N1,77,33,700,80,0.77,-126,Depressurized,0.79,0.71,Depressure
2026-05-13,SIMU-8101750,ISOT-026,N1,82,37,700,54,0.73,-128,Depressurized,0.8,0.69,Depressure
2026-05-13,SIMU-8101848,ISOT-031,N1,79,35,645,51,0.75,-126,Depressurized,0.79,0.7,Depressure
2026-05-13,SIMU-8101909,ISOT-036,N1,80,35,660,51,0.78,-126,,-,-,-
2026-05-13,SIMU-8102567,ISOT-064,N1,0,0,0,86,0.43,28,,-,-,-
2026-05-13,SIMU-8103711,ISOT-086,N1,87,39,690,78,0.75,-124,Depressurized,0.79,0.7,Depressure
2026-05-13,SIMU-8103732,ISOT-088,N1,75,33,740,82,0.73,-125,Depressurized,0.78,0.68,Depressure
2026-05-13,SIMU-8111297,ISOT-103,N1,74,33,715,77,0.74,-129,,-,-,-
2026-05-13,SIMU-8113176,ISOT-120,N1,81,36,710,78,0.75,-130,Depressurized,0.8,0.71,Depressure
2026-05-12,SIMU-8101426,ISOT-009,N1,70,31,660,77,0.74,-126,Depressurized,0.77,0.7,Depressure
2026-05-12,SIMU-8101513,ISOT-014,N1,78,35,615,47,0.75,-127,Depressurized,0.77,0.7,Depressure
2026-05-12,SIMU-8101581,ISOT-017,N1,77,33,700,80,0.78,-126,Depressurized,0.79,0.72,Depressure
2026-05-12,SIMU-8101750,ISOT-026,N1,82,37,700,54,0.78,-128,,-,-,-
2026-05-12,SIMU-8101848,ISOT-031,N1,79,35,645,51,0.75,-126,Depressurized,0.8,0.7,Depressure
2026-05-12,SIMU-8101909,ISOT-036,N1,80,35,660,51,0.76,-126,Depressurized,0.78,0.7,Depressure
2026-05-12,SIMU-8102567,ISOT-064,N1,0,0,0,86,0.43,28,,-,-,-
2026-05-12,SIMU-8103711,ISOT-086,N1,87,39,690,78,0.78,-124,,-,-,-
2026-05-12,SIMU-8103732,ISOT-088,N1,75,33,740,82,0.75,-125,Depressurized,0.79,0.7,Depressure
2026-05-12,SIMU-8111297,ISOT-103,N1,74,33,715,77,0.74,-129,Depressurized,0.78,0.7,Depressure
2026-05-12,SIMU-8113176,ISOT-120,N1,81,36,710,78,0.79,-130,,-,-,-
2026-05-11,SIMU-8101426,ISOT-009,N1,70,32,660,77,0.76,-126,Depressurized,0.78,0.72,Depressure
2026-05-11,SIMU-8101513,ISOT-014,N1,78,35,615,48,0.76,-127,Depressurized,0.79,0.73,Depressure
2026-05-11,SIMU-8101581,ISOT-017,N1,77,33,705,80,0.77,-126,Depressurized,0.8,0.73,Depressure
2026-05-11,SIMU-8101750,ISOT-026,N1,82,37,700,56,0.75,-128,Depressurized,-,-,Depressure
2026-05-11,SIMU-8101848,ISOT-031,N1,79,36,645,52,0.78,-126,,-,-,-
2026-05-11,SIMU-8101909,ISOT-036,N1,80,35,660,51,0.76,-126,Depressurized,0.79,0.71,Depressure
2026-05-11,SIMU-8102567,ISOT-064,N1,0,0,0,86,0.43,28,,-,-,-
2026-05-11,SIMU-8103711,ISOT-086,N1,87,39,690,78,0.74,-124,Depressurized,0.79,0.71,Depressure
2026-05-11,SIMU-8103732,ISOT-088,N1,75,33,740,82,0.76,-125,Depressurized,0.79,0.7,Depressure
2026-05-11,SIMU-8111297,ISOT-103,N1,75,34,715,77,0.76,-129,,-,-,-
2026-05-11,SIMU-8113176,ISOT-120,N1,81,37,715,78,0.75,-131,Depressurized,0.79,0.71,Depressure
2026-05-10,SIMU-8101426,ISOT-009,N1,70,32,660,77,0.77,-126,,-,-,-
2026-05-10,SIMU-8101513,ISOT-014,N1,78,35,620,48,0.77,-127,Depressurized,0.78,0.73,Depressure
2026-05-10,SIMU-8101581,ISOT-017,N1,77,34,700,80,0.78,-126,Depressurized,0.8,0.73,Depressure
2026-05-10,SIMU-8101750,ISOT-026,N1,82,37,700,56,0.78,-128,,-,-,-
2026-05-10,SIMU-8101848,ISOT-031,N1,79,36,650,52,0.75,-126,Depressurized,0.79,0.71,Depressure
2026-05-10,SIMU-8101909,ISOT-036,N1,80,36,670,53,0.79,-126,,-,-,-
2026-05-10,SIMU-8102567,ISOT-064,N1,0,0,0,86,0.43,28,,-,-,-
2026-05-10,SIMU-8103711,ISOT-086,N1,87,39,695,78,0.77,-124,,-,-,-
2026-05-10,SIMU-8103732,ISOT-088,N1,75,33,740,82,0.78,-125,,-,-,-
2026-05-10,SIMU-8111297,ISOT-103,N1,75,34,710,78,0.74,-129,Depressurized,0.78,0.7,Depressure
2026-05-10,SIMU-8113176,ISOT-120,N1,80,37,720,78,0.77,-130,,-,-,-
2026-05-09,SIMU-8101426,ISOT-009,N1,70,32,660,77,0.75,-127,Depressurized,-,-,Depressure
2026-05-09,SIMU-8101513,ISOT-014,N1,79,35,625,49,0.76,-127,Depressurized,-,-,Depressure
2026-05-09,SIMU-8101581,ISOT-017,N1,78,34,710,80,0.78,-126,Depressurized,-,-,Depressure
2026-05-09,SIMU-8101750,ISOT-026,N1,83,37,700,56,0.74,-128,Depressurized,-,-,Depressure
2026-05-09,SIMU-8101848,ISOT-031,N1,79,36,650,53,0.75,-126,Depressurized,-,-,Depressure
2026-05-09,SIMU-8101909,ISOT-036,N1,80,36,670,53,0.76,-126,Depressurized,-,-,Depressure
2026-05-09,SIMU-8102567,ISOT-064,N1,0,0,0,86,0.43,28,,-,-,-
2026-05-09,SIMU-8103711,ISOT-086,N1,87,39,695,78,0.74,-124,Depressurized,-,-,Depressure
2026-05-09,SIMU-8103732,ISOT-088,N1,75,33,740,82,0.75,-125,Depressurized,-,-,Depressure
2026-05-09,SIMU-8111297,ISOT-103,N1,76,34,710,78,0.77,-129,,-,-,-
2026-05-09,SIMU-8113176,ISOT-120,N1,82,37,720,79,0.74,-131,Depressurized,-,-,Depressure
2026-05-08,SIMU-8101426,ISOT-009,N1,71,32,660,77,0.75,-127,,-,-,-
2026-05-08,SIMU-8101513,ISOT-014,N1,79,35,630,49,0.78,-127,Depressurized,0.78,0.73,Depressure
2026-05-08,SIMU-8101581,ISOT-017,N1,78,35,710,80,0.78,-126,Depressurized,-,-,Depressure
2026-05-08,SIMU-8101750,ISOT-026,N1,83,37,710,56,0.75,-128,Depressurized,-,-,Depressure
2026-05-08,SIMU-8101848,ISOT-031,N1,80,36,655,53,0.76,-126,Depressurized,-,-,Depressure
2026-05-08,SIMU-8101909,ISOT-036,N1,80,36,670,53,0.76,-126,Depressurized,-,-,Depressure
2026-05-08,SIMU-8102567,ISOT-064,N1,0,0,0,86,0.43,28,,-,-,-
2026-05-08,SIMU-8103711,ISOT-086,N1,88,39,695,78,0.74,-124,Depressurized,-,-,Depressure
2026-05-08,SIMU-8103732,ISOT-088,N1,76,34,740,82,0.76,-125,Depressurized,-,-,Depressure
2026-05-08,SIMU-8111297,ISOT-103,N1,76,34,710,78,0.75,-129,Depressurized,-,-,Depressure
2026-05-08,SIMU-8113176,ISOT-120,N1,82,37,720,79,0.76,-131,Depressurized,-,-,Depressure
2026-05-07,SIMU-8101426,ISOT-009,N1,71,32,660,77,0.75,-127,Depressurized,-,-,Depressure
2026-05-07,SIMU-8101513,ISOT-014,N1,79,35,630,50,0.77,-127,Depressurized,0.78,0.73,Depressure
2026-05-07,SIMU-8101581,ISOT-017,N1,77,34,710,80,0.78,-126,Depressurized,-,-,Depressure
2026-05-07,SIMU-8101750,ISOT-026,N1,83,37,710,56,0.76,-128,Depressurized,-,-,Depressure
2026-05-07,SIMU-8101848,ISOT-031,N1,80,36,650,54,0.77,-126,Depressurized,-,-,Depressure
2026-05-07,SIMU-8101909,ISOT-036,N1,80,36,670,53,0.77,-126,Depressurized,-,-,Depressure
2026-05-07,SIMU-8102567,ISOT-064,N1,0,0,0,86,0.43,28,,-,-,-
2026-05-07,SIMU-8103711,ISOT-086,N1,88,39,695,78,0.76,-124,Depressurized,-,-,Depressure
2026-05-07,SIMU-8103732,ISOT-088,N1,76,34,745,82,0.77,-125,,-,-,-
2026-05-07,SIMU-8111297,ISOT-103,N1,76,34,710,78,0.76,-129,Depressurized,-,-,Depressure
2026-05-07,SIMU-8113176,ISOT-120,N1,82,37,720,79,0.76,-130,Depressurized,-,-,Depressure
2026-05-06,SIMU-8101426,ISOT-009,N1,71,32,660,77,0.77,-127,,-,-,-
2026-05-06,SIMU-8101513,ISOT-014,N1,79,36,625,50,0.77,-126,Depressurized,0.79,0.73,Depressure
2026-05-06,SIMU-8101581,ISOT-017,N1,78,35,710,80,0.78,-126,Depressurized,-,-,Depressure
2026-05-06,SIMU-8101750,ISOT-026,N1,84,37,710,57,0.75,-128,,-,-,-
2026-05-06,SIMU-8101848,ISOT-031,N1,80,36,655,54,0.79,-126,,-,-,-
2026-05-06,SIMU-8101909,ISOT-036,N1,81,37,670,53,0.78,-126,Depressurized,-,-,Depressure
2026-05-06,SIMU-8102567,ISOT-064,N1,0,0,0,86,0.43,28,,-,-,-
2026-05-06,SIMU-8103711,ISOT-086,N1,88,39,695,78,0.76,-124,Depressurized,-,-,Depressure
2026-05-06,SIMU-8103732,ISOT-088,N1,76,34,745,82,0.73,-125,Depressurized,-,-,Depressure
2026-05-06,SIMU-8111297,ISOT-103,N1,76,34,715,78,0.78,-128,Depressurized,-,-,Depressure
2026-05-06,SIMU-8113176,ISOT-120,N1,83,38,720,79,0.73,-131,Depressurized,-,-,Depressure
2026-05-05,SIMU-8101426,ISOT-009,N1,71,32,660,78,0.76,-127,Depressurized,-,-,Depressure
2026-05-05,SIMU-8101513,ISOT-014,N1,80,36,630,60,0.77,-126,Depressurized,0.79,0.73,Depressure
2026-05-05,SIMU-8101581,ISOT-017,N1,77,36,715,77,0.78,-126,Depressurized,-,-,Depressure
2026-05-05,SIMU-8101750,ISOT-026,N1,84,28,715,56,0.75,-128,Depressurized,-,-,Depressure
2026-05-05,SIMU-8101848,ISOT-031,N1,80,36,655,56,0.75,-126,Depressurized,-,-,Depressure
2026-05-05,SIMU-8101909,ISOT-036,N1,81,37,690,53,0.77,-126,Depressurized,-,-,Depressure
2026-05-05,SIMU-8102567,ISOT-064,N1,0,0,0,86,0.43,28,,-,-,-
2026-05-05,SIMU-8103711,ISOT-086,N1,88,40,695,79,0.76,-124,Depressurized,-,-,Depressure
2026-05-05,SIMU-8103732,ISOT-088,N1,77,34,745,83,0.76,-125,Depressurized,-,-,Depressure
2026-05-05,SIMU-8111297,ISOT-103,N1,76,35,715,77,0.78,-128,,-,-,-
2026-05-05,SIMU-8113176,ISOT-120,N1,83,38,720,80,0.76,-130,Depressurized,-,-,Depressure
2026-05-04,SIMU-8101426,ISOT-009,N1,71,32,660,78,0.77,-127,,-,-,-
2026-05-04,SIMU-8101513,ISOT-014,N1,80,36,630,60,0.78,-126,Depressurized,-,-,Depressure
2026-05-04,SIMU-8101581,ISOT-017,N1,77,36,715,77,0.78,-126,Depressurized,-,-,Depressure
2026-05-04,SIMU-8101750,ISOT-026,N1,84,28,715,58,0.75,-128,Depressurized,-,-,Depressure
2026-05-04,SIMU-8101848,ISOT-031,N1,80,36,655,57,0.75,-126,Depressurized,-,-,Depressure
2026-05-04,SIMU-8101909,ISOT-036,N1,81,37,690,55,0.77,-126,Depressurized,-,-,Depressure
2026-05-04,SIMU-8102567,ISOT-064,N1,0,0,0,86,0.43,28,,-,-,-
2026-05-04,SIMU-8103711,ISOT-086,N1,88,40,695,79,0.76,-124,Depressurized,-,-,Depressure
2026-05-04,SIMU-8103732,ISOT-088,N1,77,34,745,83,0.79,-125,,-,-,-
2026-05-04,SIMU-8111297,ISOT-103,N1,76,35,715,77,0.76,-128,Depressurized,-,-,Depressure
2026-05-04,SIMU-8113176,ISOT-120,N1,83,38,720,80,0.77,-130,Depressurized,-,-,Depressure
2026-05-03,SIMU-8101426,ISOT-009,N1,71,32,660,78,0.75,-127.6,Depressurized,-,-,Depressure
2026-05-03,SIMU-8101513,ISOT-014,N1,80,36,630,60,0.79,-127.2,,-,-,-
2026-05-03,SIMU-8101581,ISOT-017,N1,77,36,720,77,0.78,-126.9,Depressurized,-,-,Depressure
2026-05-03,SIMU-8101750,ISOT-026,N1,84,28,720,60,0.79,-128.8,,-,-,-
2026-05-03,SIMU-8101848,ISOT-031,N1,81,36,660,58,0.76,-127,Depressurized,-,-,Depressure
2026-05-03,SIMU-8101909,ISOT-036,N1,82,37,685,58,0.78,-126.4,Depressurized,-,-,Depressure
2026-05-03,SIMU-8102567,ISOT-064,N1,0,0,0,86,0.43,28,,-,-,-
2026-05-03,SIMU-8103711,ISOT-086,N1,89,40,700,79,0.77,-124.4,Depressurized,-,-,Depressure
2026-05-03,SIMU-8103732,ISOT-088,N1,78,34,745,83,0.75,-125,Depressurized,-,-,Depressure
2026-05-03,SIMU-8111297,ISOT-103,N1,78,35,730,77,0.78,-129,,-,-,-
2026-05-03,SIMU-8113176,ISOT-120,N1,84,38,720,80,0.78,-130,,-,-,-
2026-05-02,SIMU-8101426,ISOT-009,N1,72,32,660,78,0.77,-127,,-,-,-
2026-05-02,SIMU-8101513,ISOT-014,N1,80,36,630,60,0.76,-127.6,Depressurized,0.78,0.72,Depressure
2026-05-02,SIMU-8101581,ISOT-017,N1,81,36,720,78,0.78,-126.8,Depressurized,0.8,0.72,Depressure
2026-05-02,SIMU-8101750,ISOT-026,N1,84,38,720,62,0.74,-128.9,Depressurized,0.78,0.7,Depressure
2026-05-02,SIMU-8101848,ISOT-031,N1,81,36,660,60,0.74,-126.6,Depressurized,0.79,0.71,Depressure
2026-05-02,SIMU-8101909,ISOT-036,N1,82,37,685,60,0.76,-126.5,Depressurized,-,-,Depressure
2026-05-02,SIMU-8102567,ISOT-064,N1,0,0,0,86,0.43,28,,-,-,-
2026-05-02,SIMU-8103711,ISOT-086,N1,89,40,705,79,0.78,-124,,-,-,-
2026-05-02,SIMU-8103732,ISOT-088,N1,78,34,750,83,0.77,-125,,-,-,-
2026-05-02,SIMU-8111297,ISOT-103,N1,78,35,720,77,0.75,-129.3,Depressurized,0.79,0.69,Depressure
2026-05-02,SIMU-8113176,ISOT-120,N1,84,38,720,80,0.75,-130,Depressurized,0.79,0.72,Depressure
2026-05-01,SIMU-8101426,ISOT-009,N1,72,32,660,78,0.76,-127,,-,-,-
2026-05-01,SIMU-8101513,ISOT-014,N1,80,36,630,60,0.76,-127,Depressurized,0.79,0.72,Depressure
2026-05-01,SIMU-8101581,ISOT-017,N1,81,36,720,81,0.79,-127,Depressurized,0.8,0.72,Depressure
2026-05-01,SIMU-8101750,ISOT-026,N1,84,38,720,64,0.75,-128,Depressurized,0.79,0.7,Depressure
2026-05-01,SIMU-8101848,ISOT-031,N1,81,36,660,60,0.76,-126,Depressurized,0.8,0.71,Depressure
2026-05-01,SIMU-8101909,ISOT-036,N1,82,37,690,62,0.77,-126,Depressurized,0.79,0.71,Depressure
2026-05-01,SIMU-8102567,ISOT-064,N1,0,0,0,86,0.43,28,,-,-,-
2026-05-01,SIMU-8103711,ISOT-086,N1,89,40,700,79,0.75,-125,Depressurized,0.79,0.72,Depressure
2026-05-01,SIMU-8103732,ISOT-088,N1,78,34,750,83,0.7,-125,Depressurized,0.8,0.69,Depressure
2026-05-01,SIMU-8111297,ISOT-103,N1,78,35,720,79,0.78,-128,,-,-,-
2026-05-01,SIMU-8113176,ISOT-120,N1,84,38,720,80,0.77,-131,Depressurized,0.8,0.72,Depressure
2026-04-30,SIMU-8101426,ISOT-009,N1,71,32,660,78,0.73,-127,,-,-,-
2026-04-30,SIMU-8101513,ISOT-014,N1,80,36,630,60,0.77,-126,Depressurized,0.79,0.73,Depressure
2026-04-30,SIMU-8101581,ISOT-017,N1,78,36,720,81,0.79,-126,Depressurized,0.8,0.72,Depressure
2026-04-30,SIMU-8101750,ISOT-026,N1,84,38,725,64,0.75,-128,Depressurized,0.79,0.7,Depressure
2026-04-30,SIMU-8101848,ISOT-031,N1,81,36,660,60,0.79,-126,,-,-,-
2026-04-30,SIMU-8101909,ISOT-036,N1,82,37,690,62,0.78,-126,Depressurized,0.79,0.73,Depressure
2026-04-30,SIMU-8102567,ISOT-064,N1,0,0,0,86,0.43,28,,-,-,-
2026-04-30,SIMU-8103711,ISOT-086,N1,89,40,715,79,0.77,-124,Depressurized,0.79,0.72,Depressure
2026-04-30,SIMU-8103732,ISOT-088,N1,77,35,750,83,0.76,-125,Depressurized,0.78,0.69,Depressure
2026-04-30,SIMU-8111297,ISOT-103,N1,77,35,725,79,0.76,-128,Depressurized,0.79,0.7,Depressure
2026-04-30,SIMU-8113176,ISOT-120,N1,84,38,750,80,0.78,-129,,-,-,-
2026-04-29,SIMU-8101426,ISOT-009,N1,72,33,660,78,0.73,-126,,-,-,-
2026-04-29,SIMU-8101513,ISOT-014,N1,81,36,630,60,0.78,-126,Depressurized,0.79,0.74,Depressure
2026-04-29,SIMU-8101581,ISOT-017,N1,79,35,720,81,0.79,-126,Depressurized,0.8,0.72,Depressure
2026-04-29,SIMU-8101750,ISOT-026,N1,85,38,725,64,0.77,-128,Depressurized,0.79,0.71,Depressure
2026-04-29,SIMU-8101848,ISOT-031,N1,81,37,660,60,0.77,-126,Depressurized,0.79,0.7,Depressure
2026-04-29,SIMU-8101909,ISOT-036,N1,82,37,690,62,0.77,-126,Depressurized,0.79,0.72,Depressure
2026-04-29,SIMU-8102567,ISOT-064,N1,0,0,0,86,0.43,28,,-,-,-
2026-04-29,SIMU-8103711,ISOT-086,N1,89,40,715,79,0.79,-124,,-,-,-
2026-04-29,SIMU-8103732,ISOT-088,N1,78,35,750,83,0.77,-125,Depressurized,0.79,0.69,Depressure
2026-04-29,SIMU-8111297,ISOT-103,N1,79,36,725,79,0.77,-128,Depressurized,0.79,0.7,Depressure
2026-04-29,SIMU-8113176,ISOT-120,N1,84,38,730,80,0.76,-130,Depressurized,0.79,0.72,Depressure
2026-04-28,SIMU-8101426,ISOT-009,N1,72,33,675,78,0.76,-126,Depressurized,0.78,0.71,Depressure
2026-04-28,SIMU-8101513,ISOT-014,N1,81,36,630,60,0.79,-126,Depressurized,0.79,0.7,Depressure
2026-04-28,SIMU-8101581,ISOT-017,N1,79,35,720,81,0.79,-126,Depressurized,0.79,0.72,Depressure
2026-04-28,SIMU-8101750,ISOT-026,N1,85,38,725,64,0.76,-128,Depressurized,0.79,0.71,Depressure
2026-04-28,SIMU-8101848,ISOT-031,N1,81,37,660,60,0.76,-126,Depressurized,0.79,0.71,Depressure
2026-04-28,SIMU-8101909,ISOT-036,N1,82,37,690,62,0.77,-126,Depressurized,0.78,0.71,Depressure
2026-04-28,SIMU-8102567,ISOT-064,N1,0,0,0,86,0.43,28,,-,-,-
2026-04-28,SIMU-8103711,ISOT-086,N1,89,40,715,79,0.76,-124,Depressurized,0.79,0.71,Depressure
2026-04-28,SIMU-8103732,ISOT-088,N1,78,35,750,83,0.78,-125,,-,-,-
2026-04-28,SIMU-8111297,ISOT-103,N1,79,36,725,79,0.79,-128,,-,-,-
2026-04-28,SIMU-8113176,ISOT-120,N1,84,38,730,80,0.77,-130,Depressurized,0.79,0.73,Depressure
2026-04-27,SIMU-8101426,ISOT-009,N1,73,33,675,78,0.76,-126,Depressurized,0.78,0.72,Depressure
2026-04-27,SIMU-8101513,ISOT-014,N1,81,36,630,60,0.79,-126,Depressurized,0.79,0.74,Depressure
2026-04-27,SIMU-8101581,ISOT-017,N1,78,35,720,81,0.78,-126,Depressurized,0.79,0.72,Depressure
2026-04-27,SIMU-8101750,ISOT-026,N1,85,38,730,64,0.76,-128,Depressurized,0.8,0.7,Depressure
2026-04-27,SIMU-8101848,ISOT-031,N1,82,37,665,60,0.76,-126,Depressurized,0.79,0.71,Depressure
2026-04-27,SIMU-8101909,ISOT-036,N1,82,37,690,62,0.77,-126,Depressurized,0.8,0.73,Depressure
2026-04-27,SIMU-8102567,ISOT-064,N1,0,0,0,86,0.43,28,,-,-,-
2026-04-27,SIMU-8103711,ISOT-086,N1,90,40,715,79,0.78,-124,,-,-,-
2026-04-27,SIMU-8103732,ISOT-088,N1,78,35,755,83,0.7,-125,Depressurized,0.8,0.69,Depressure
2026-04-27,SIMU-8111297,ISOT-103,N1,79,36,725,79,0.76,-129,Depressurized,0.8,0.7,Depressure
2026-04-27,SIMU-8113176,ISOT-120,N1,85,38,725,80,0.78,-130,Depressurized,0.79,0.73,Depressure
2026-04-26,SIMU-8101426,ISOT-009,N1,73,33,680,78,0.77,-126,Depressurized,0.78,0.72,Depressure
2026-04-26,SIMU-8101513,ISOT-014,N1,81,36,620,60,0.79,-126,Depressurized,0.79,0.76,Depressure
2026-04-26,SIMU-8101581,ISOT-017,N1,79,35,720,81,0.77,-126,Depressurized,0.8,0.74,Depressure
2026-04-26,SIMU-8101750,ISOT-026,N1,86,38,730,64,0.77,-128,,-,-,-
2026-04-26,SIMU-8101848,ISOT-031,N1,82,37,665,60,0.76,-126,Depressurized,0.8,0.71,Depressure
2026-04-26,SIMU-8101909,ISOT-036,N1,83,37,690,62,0.78,-126,,-,-,-
2026-04-26,SIMU-8102567,ISOT-064,N1,0,0,0,86,0.43,28,,-,-,-
2026-04-26,SIMU-8103711,ISOT-086,N1,90,40,715,79,0.76,-124,Depressurized,0.79,0.71,Depressure
2026-04-26,SIMU-8103732,ISOT-088,N1,78,35,755,83,0.77,-126,,-,-,-
2026-04-26,SIMU-8111297,ISOT-103,N1,79,36,730,79,0.79,-128,,-,-,-
2026-04-26,SIMU-8113176,ISOT-120,N1,85,38,730,80,0.77,-130,Depressurized,0.79,0.73,Depressure
2026-04-25,SIMU-8101426,ISOT-009,N1,73,33,680,78,0.77,-127,Depressurized,-,-,Depressure
2026-04-25,SIMU-8101513,ISOT-014,N1,81,37,620,60,0.78,-127,Depressurized,-,-,Depressure
2026-04-25,SIMU-8101581,ISOT-017,N1,78,36,720,82,0.78,-127,,-,-,-
2026-04-25,SIMU-8101750,ISOT-026,N1,85,38,730,64,0.74,-127,Depressurized,-,-,Depressure
2026-04-25,SIMU-8101848,ISOT-031,N1,82,37,665,60,0.77,-126,Depressurized,-,-,Depressure
2026-04-25,SIMU-8101909,ISOT-036,N1,83,37,690,62,0.76,-126,Depressurized,-,-,Depressure
2026-04-25,SIMU-8102567,ISOT-064,N1,0,0,0,86,0.43,28,,-,-,-
2026-04-25,SIMU-8103711,ISOT-086,N1,90,41,715,79,0.77,-124,,-,-,-
2026-04-25,SIMU-8103732,ISOT-088,N1,79,35,755,83,0.69,-125,Depressurized,-,-,Depressure
2026-04-25,SIMU-8111297,ISOT-103,N1,79,36,725,79,0.76,-129,Depressurized,-,-,Depressure
2026-04-25,SIMU-8113176,ISOT-120,N1,85,38,725,80,0.78,-130,Depressurized,-,-,Depressure
2026-04-24,SIMU-8101426,ISOT-009,N1,73,33,680,78,0.77,-127,Depressurized,-,-,Depressure
2026-04-24,SIMU-8101513,ISOT-014,N1,82,37,620,60,0.78,-127,Depressurized,-,-,Depressure
2026-04-24,SIMU-8101581,ISOT-017,N1,82,36,720,82,0.74,-126,Depressurized,-,-,Depressure
2026-04-24,SIMU-8101750,ISOT-026,N1,86,38,735,64,0.75,-129,Depressurized,-,-,Depressure
2026-04-24,SIMU-8101848,ISOT-031,N1,83,37,670,60,0.77,-127,Depressurized,-,-,Depressure
2026-04-24,SIMU-8101909,ISOT-036,N1,83,37,700,62,0.73,-126,Depressurized,-,-,Depressure
2026-04-24,SIMU-8102567,ISOT-064,N1,0,0,0,86,0.43,28,,-,-,-
2026-04-24,SIMU-8103711,ISOT-086,N1,91,41,710,79,0.73,-124,Depressurized,-,-,Depressure
2026-04-24,SIMU-8103732,ISOT-088,N1,78,35,760,83,0.75,-126,Depressurized,-,-,Depressure
2026-04-24,SIMU-8111297,ISOT-103,N1,80,36,740,79,0.75,-129,Depressurized,-,-,Depressure
2026-04-24,SIMU-8113176,ISOT-120,N1,86,38,730,80,0.78,-130,Depressurized,-,-,Depressure
2026-04-23,SIMU-8101426,ISOT-009,N1,74,33,680,78,0.78,-127,Depressurized,0.8,0.72,Depressure
2026-04-23,SIMU-8101513,ISOT-014,N1,82,37,620,60,0.79,-126,Depressurized,-,-,Depressure
2026-04-23,SIMU-8101581,ISOT-017,N1,81,36,720,82,0.75,-127,Depressurized,-,-,Depressure
2026-04-23,SIMU-8101750,ISOT-026,N1,86,39,730,64,0.78,-129,,-,-,-
2026-04-23,SIMU-8101848,ISOT-031,N1,83,37,665,61,0.78,-126,Depressurized,-,-,Depressure
2026-04-23,SIMU-8101909,ISOT-036,N1,83,37,700,62,0.73,-126,Depressurized,-,-,Depressure
2026-04-23,SIMU-8102567,ISOT-064,N1,0,0,0,86,0.43,28,,-,-,-
2026-04-23,SIMU-8103711,ISOT-086,N1,91,41,700,79,0.77,-124,Depressurized,-,-,Depressure
2026-04-23,SIMU-8103732,ISOT-088,N1,79,35,755,83,0.79,-125,,-,-,-
2026-04-23,SIMU-8111297,ISOT-103,N1,81,36,745,79,0.79,-128,Depressurized,0.8,0.71,Depressure
2026-04-23,SIMU-8113176,ISOT-120,N1,86,39,725,80,0.78,-130,Depressurized,-,-,Depressure
2026-04-22,SIMU-8101426,ISOT-009,N1,74,33,690,79,0.79,-127,,-,-,-
2026-04-22,SIMU-8101513,ISOT-014,N1,82,37,650,61,0.79,-127,Depressurized,0.79,0.74,Depressure
2026-04-22,SIMU-8101581,ISOT-017,N1,80,36,720,82,0.77,-127,Depressurized,0.79,0.73,Depressure
2026-04-22,SIMU-8101750,ISOT-026,N1,86,39,735,65,0.74,-129,Depressurized,0.8,0.7,Depressure
2026-04-22,SIMU-8101848,ISOT-031,N1,83,37,680,62,0.77,-127,,-,-,-
2026-04-22,SIMU-8101909,ISOT-036,N1,83,37,700,63,0.77,-126,Depressurized,0.8,0.7,Depressure
2026-04-22,SIMU-8102567,ISOT-064,N1,0,0,0,86,0.43,28,,-,-,-
2026-04-22,SIMU-8103711,ISOT-086,N1,91,41,720,79,0.78,-124,,-,-,-
2026-04-22,SIMU-8103732,ISOT-088,N1,79,35,760,83,0.76,-125,,-,-,-
2026-04-22,SIMU-8111297,ISOT-103,N1,81,36,750,79,0.79,-128,,-,-,-
2026-04-22,SIMU-8113176,ISOT-120,N1,86,39,730,80,0.79,-130,,-,-,-
2026-04-21,SIMU-8101426,ISOT-009,N1,74,33,660,79,0.77,-127,Depressurized,0.8,0.71,Depressure
2026-04-21,SIMU-8101513,ISOT-014,N1,82,37,665,63,0.78,-127,Depressurized,0.8,0.72,Depressure
2026-04-21,SIMU-8101581,ISOT-017,N1,82,36,735,82,0.78,-128,Depressurized,0.8,0.7,Depressure
2026-04-21,SIMU-8101750,ISOT-026,N1,87,39,730,66,0.77,-129,,-,-,-
2026-04-21,SIMU-8101848,ISOT-031,N1,83,37,685,63,0.77,-127,Depressurized,0.8,0.72,Depressure
2026-04-21,SIMU-8101909,ISOT-036,N1,84,38,700,66,0.78,-127,Depressurized,0.8,0.71,Depressure
2026-04-21,SIMU-8102567,ISOT-064,N1,0,0,0,86,0.43,28,,-,-,-
2026-04-21,SIMU-8103711,ISOT-086,N1,91,41,710,80,0.76,-125,Depressurized,0.79,0.71,Depressure
2026-04-21,SIMU-8103732,ISOT-088,N1,80,36,755,84,0.79,-126,,-,-,-
2026-04-21,SIMU-8111297,ISOT-103,N1,81,36,745,80,0.77,-129,Depressurized,0.8,0.72,Depressure
2026-04-21,SIMU-8113176,ISOT-120,N1,87,39,740,80,0.8,-131,,-,-,-
2026-04-20,SIMU-8101426,ISOT-009,N1,74,33,655,79,0.79,-127,,-,-,-
2026-04-20,SIMU-8101513,ISOT-014,N1,83,37,665,63,0.8,-127,,-,-,-
2026-04-20,SIMU-8101581,ISOT-017,N1,81,36,735,82,0.78,-128,,-,-,-
2026-04-20,SIMU-8101750,ISOT-026,N1,87,39,730,66,0.73,-129,Depressurized,0.8,0.69,Depressure
2026-04-20,SIMU-8101848,ISOT-031,N1,84,37,685,63,0.78,-127,Depressurized,0.8,0.7,Depressure
2026-04-20,SIMU-8101909,ISOT-036,N1,84,38,700,66,0.79,-127,,-,-,-
2026-04-20,SIMU-8102567,ISOT-064,N1,0,0,0,86,0.43,28,,-,-,-
2026-04-20,SIMU-8103711,ISOT-086,N1,91,41,710,80,0.78,-125,,-,-,-
2026-04-20,SIMU-8103732,ISOT-088,N1,80,36,755,84,0.75,-126,Depressurized,0.79,0.63,Depressure
2026-04-20,SIMU-8111297,ISOT-103,N1,81,36,755,80,0.78,-129,,-,-,-
2026-04-20,SIMU-8113176,ISOT-120,N1,87,39,740,80,0.77,-131,Depressurized,0.79,0.72,Depressure
2026-04-19,SIMU-8101426,ISOT-009,N1,74,33,655,79,0.77,-127,,-,-,-
2026-04-19,SIMU-8101513,ISOT-014,N1,83,37,665,63,0.77,-127,Depressurized,0.8,0.72,Depressure
2026-04-19,SIMU-8101581,ISOT-017,N1,81,36,770,82,0.73,-128,Depressurized,0.8,0.71,Depressure
2026-04-19,SIMU-8101750,ISOT-026,N1,87,39,730,66,0.76,-129,,-,-,-
2026-04-19,SIMU-8101848,ISOT-031,N1,84,37,680,63,0.79,-127,,-,-,-
2026-04-19,SIMU-8101909,ISOT-036,N1,84,38,700,66,0.76,-127,Depressurized,0.79,0.71,Depressure
2026-04-19,SIMU-8102567,ISOT-064,N1,0,0,0,86,0.43,28,,-,-,-
2026-04-19,SIMU-8103711,ISOT-086,N1,91,41,705,80,0.76,-125,,-,-,-
2026-04-19,SIMU-8103732,ISOT-088,N1,80,36,755,84,0.78,-126,,-,-,-
2026-04-19,SIMU-8111297,ISOT-103,N1,81,36,745,80,0.75,-129,Depressurized,0.79,0.7,Depressure
2026-04-19,SIMU-8113176,ISOT-120,N1,87,39,770,80,0.78,-131,,-,-,-
2026-04-18,SIMU-8101426,ISOT-009,N1,74,33,322,79,0.76,-128,,-,-,-
2026-04-18,SIMU-8101513,ISOT-014,N1,83,37,665,64,0.79,-127,,-,-,-
2026-04-18,SIMU-8101581,ISOT-017,N1,83,37,735,82,0.78,-128,,-,-,-
2026-04-18,SIMU-8101750,ISOT-026,N1,87,39,730,67,0.73,-129,Depressurized,0.8,0.69,Depressure
2026-04-18,SIMU-8101848,ISOT-031,N1,84,37,690,63,0.72,-127,Depressurized,-,-,Depressure
2026-04-18,SIMU-8101909,ISOT-036,N1,84,38,700,66,0.79,-127,,-,-,-
2026-04-18,SIMU-8102567,ISOT-064,N1,0,0,0,86,0.43,28,,-,-,-
2026-04-18,SIMU-8103711,ISOT-086,N1,91,41,715,80,0.74,-125,Depressurized,0.81,0.71,Depressure
2026-04-18,SIMU-8103732,ISOT-088,N1,80,36,755,84,0.75,-126,Depressurized,0.8,0.67,Depressure
2026-04-18,SIMU-8111297,ISOT-103,N1,81,36,750,80,0.79,-129,,-,-,-
2026-04-18,SIMU-8113176,ISOT-120,N1,87,39,750,80,0.76,-131,Depressurized,0.79,0.71,Depressure
2026-04-17,SIMU-8101426,ISOT-009,N1,74,33,645,79,0.74,-128,,-,-,-
2026-04-17,SIMU-8101513,ISOT-014,N1,83,37,665,65,0.77,-128,,-,-,-
2026-04-17,SIMU-8101581,ISOT-017,N1,82,36,735,82,0.74,-128,Depressurized,0.79,0.69,Depressure
2026-04-17,SIMU-8101750,ISOT-026,N1,87,39,760,67,0.77,-130,,-,-,-
2026-04-17,SIMU-8101848,ISOT-031,N1,84,37,685,64,0.77,-127,Depressurized,0.8,0.71,Depressure
2026-04-17,SIMU-8101909,ISOT-036,N1,84,38,700,67,0.77,-127,,-,-,-
2026-04-17,SIMU-8102567,ISOT-064,N1,0,0,0,86,0.43,28,,-,-,-
2026-04-17,SIMU-8103711,ISOT-086,N1,92,41,720,80,0.79,-125,,-,-,-
2026-04-17,SIMU-8103732,ISOT-088,N1,81,36,810,84,0.79,-126,,-,-,-
2026-04-17,SIMU-8111297,ISOT-103,N1,82,36,745,80,0.77,-129,,-,-,-
2026-04-17,SIMU-8113176,ISOT-120,N1,87,39,750,80,0.78,-131,,-,-,-
2026-04-16,SIMU-8101426,ISOT-009,N1,73,33,630,79,0.75,-128,,-,-,-
2026-04-16,SIMU-8101513,ISOT-014,N1,83,37,665,66,0.75,-128,,-,-,-
2026-04-16,SIMU-8101581,ISOT-017,N1,83,37,760,82,0.78,-128,,-,-,-
2026-04-16,SIMU-8101750,ISOT-026,N1,87,39,730,68,0.75,-130,,-,-,-
2026-04-16,SIMU-8101848,ISOT-031,N1,84,38,685,65,0.79,-127,,-,-,-
2026-04-16,SIMU-8101909,ISOT-036,N1,84,38,705,67,0.74,-127,,-,-,-
2026-04-16,SIMU-8102567,ISOT-064,N1,0,0,0,86,0.43,28,,-,-,-
2026-04-16,SIMU-8103711,ISOT-086,N1,91,41,715,80,0.77,-124,,-,-,-
2026-04-16,SIMU-8103732,ISOT-088,N1,80,36,760,84,0.76,-126,,-,-,-
2026-04-16,SIMU-8111297,ISOT-103,N1,81,36,750,80,0.74,-130,Depressurized,0.79,0.69,Depressure
2026-04-16,SIMU-8113176,ISOT-120,N1,87,39,750,80,0.74,-131,Depressurized,0.8,0.72,Depressure
2026-04-15,SIMU-8101426,ISOT-009,N1,73,33,660,78,0.71,-128,Depressurized,0.8,0.67,Depressure
2026-04-15,SIMU-8101513,ISOT-014,N1,83,37,675,67,0.78,-127,Depressurized,0.78,0.7,Depressure
2026-04-15,SIMU-8101581,ISOT-017,N1,82,38,745,82,0.74,-128,,-,-,-
2026-04-15,SIMU-8101750,ISOT-026,N1,87,39,765,69,0.69,-129,Depressurized,0.81,0.67,Depressure
2026-04-15,SIMU-8101848,ISOT-031,N1,84,38,680,67,0.72,-126,Depressurized,0.8,0.7,-
2026-04-15,SIMU-8101909,ISOT-036,N1,84,38,710,66,0.79,-127,Depressurized,0.79,0.68,Depressure
2026-04-15,SIMU-8103711,ISOT-086,N1,91,41,765,80,0.73,-125,Depressurized,0.81,0.7,Depressure
2026-04-15,SIMU-8103732,ISOT-088,N1,82,37,780,84,0.72,-125,Depressurized,0.8,0.69,Depressure
2026-04-15,SIMU-8111297,ISOT-103,N1,82,37,750,80,0.78,-129,,-,-,-
2026-04-15,SIMU-8113176,ISOT-120,N1,87,39,740,81,0.78,-131,,-,-,-
2026-04-15,SIMU-8102567,ISOT-064,N1,0,0,0,86,0.43,28,,-,-,-
2026-04-14,SIMU-8101426,ISOT-009,N1,74,33,665,78,0.79,-127,Depressurized,0.8,0.67,-
2026-04-14,SIMU-8101513,ISOT-014,N1,83,37,665,67,0.76,-127,,-,-,-
2026-04-14,SIMU-8101581,ISOT-017,N1,82,38,750,82,0.71,-128,Depressurized,-,-,Depressure
2026-04-14,SIMU-8101750,ISOT-026,N1,87,39,765,69,0.77,-129,,-,-,-
2026-04-14,SIMU-8101848,ISOT-031,N1,84,38,680,67,0.78,-126,Depressurized,0.8,0.7,-
2026-04-14,SIMU-8101909,ISOT-036,N1,84,38,710,66,0.78,-127,,-,-,-
2026-04-14,SIMU-8103711,ISOT-086,N1,92,41,765,80,0.79,-125,,-,-,-
2026-04-14,SIMU-8103732,ISOT-088,N1,82,37,780,84,0.79,-125,Depressurized,0.8,0.69,-
2026-04-14,SIMU-8111297,ISOT-103,N1,82,37,750,80,0.77,-129,,-,-,-
2026-04-14,SIMU-8113176,ISOT-120,N1,87,39,740,81,0.78,-131,,-,-,-
2026-04-14,SIMU-8102567,ISOT-064,N1,0,0,0,86,0.43,28,,-,-,-
2026-04-13,SIMU-8101426,ISOT-009,N1,74,33,665,78,0.77,-127,Depressurized,0.8,0.71,-
2026-04-13,SIMU-8101513,ISOT-014,N1,83,37,675,67,0.74,-128,,-,-,-
2026-04-13,SIMU-8101581,ISOT-017,N1,82,38,780,82,0.78,-128,,-,-,-
2026-04-13,SIMU-8101750,ISOT-026,N1,87,39,745,69,0.74,-129,,-,-,-
2026-04-13,SIMU-8101848,ISOT-031,N1,84,38,680,67,0.73,-127,Depressurized,-,-,Depressure
2026-04-13,SIMU-8101909,ISOT-036,N1,84,38,710,66,0.76,-127,,-,-,-
2026-04-13,SIMU-8103711,ISOT-086,N1,91,41,720,80,0.77,-125,,-,-,-
2026-04-13,SIMU-8103732,ISOT-088,N1,82,37,780,84,0.77,-125,,-,-,-
2026-04-13,SIMU-8111297,ISOT-103,N1,82,37,750,80,0.75,-129,,-,-,-
2026-04-13,SIMU-8113176,ISOT-120,N1,88,40,750,81,0.78,-131,,-,-,-
2026-04-13,SIMU-8102567,ISOT-064,N1,0,0,0,86,0.43,28,,-,-,-
2026-04-12,SIMU-8101426,ISOT-009,N1,74,33,665,78,0.75,-127,Depressurized,0.8,0.71,Depressure
2026-04-12,SIMU-8101513,ISOT-014,N1,83,37,675,68,0.71,-128,Depressurized,0.8,0.69,Depressure
2026-04-12,SIMU-8101581,ISOT-017,N1,82,38,780,82,0.76,-128,,-,-,-
2026-04-12,SIMU-8101750,ISOT-026,N1,87,39,780,69,0.71,-129,Depressurized,0.81,0.66,Depressure
2026-04-12,SIMU-8101848,ISOT-031,N1,85,38,690,67,0.75,-127,Depressurized,0.8,0.7,Depressure
2026-04-12,SIMU-8101909,ISOT-036,N1,84,38,710,67,0.73,-127,,-,-,-
2026-04-12,SIMU-8103711,ISOT-086,N1,91,41,720,80,0.75,-125,,-,-,-
2026-04-12,SIMU-8103732,ISOT-088,N1,82,37,780,84,0.73,-125,Depressurized,0.8,0.63,Depressure
2026-04-12,SIMU-8111297,ISOT-103,N1,82,37,750,80,0.73,-130,,-,-,-
2026-04-12,SIMU-8113176,ISOT-120,N1,88,40,750,81,0.75,-131,,-,-,-
2026-04-12,SIMU-8102567,ISOT-064,N1,0,0,0,86,0.43,28,,-,-,-
2026-04-11,SIMU-8101426,ISOT-009,N1,74,33,665,78,0.79,-126,,-,-,-
2026-04-11,SIMU-8101513,ISOT-014,N1,84,37,680,68,0.77,-127,,-,-,-
2026-04-11,SIMU-8101581,ISOT-017,N1,83,38,750,82,0.72,-128,,-,-,-
2026-04-11,SIMU-8101750,ISOT-026,N1,88,39,780,69,0.77,-129,,-,-,-
2026-04-11,SIMU-8101848,ISOT-031,N1,85,38,690,67,0.79,-126,,-,-,-
2026-04-11,SIMU-8101909,ISOT-036,N1,84,38,720,67,0.69,-126,Depressurized,0.8,0.66,Depressure
2026-04-11,SIMU-8103711,ISOT-086,N1,92,41,765,80,0.69,-125,Depressurized,0.81,0.69,Depressure
2026-04-11,SIMU-8103732,ISOT-088,N1,83,37,795,84,0.78,-125,,-,-,-
2026-04-11,SIMU-8111297,ISOT-103,N1,82,37,750,80,0.69,-128,Depressurized,0.81,0.68,Depressure
2026-04-11,SIMU-8113176,ISOT-120,N1,89,40,750,81,0.7,-130,Depressurized,0.8,0.7,Depressure
2026-04-11,SIMU-8102567,ISOT-064,N1,0,0,0,86,0.43,28,,-,-,-
2026-04-10,SIMU-8101426,ISOT-009,N1,74,33,665,78,0.76,-127,Depressurized,0.8,0.71,Depressure
2026-04-10,SIMU-8101513,ISOT-014,N1,84,37,680,68,0.75,-127,,-,-,-
2026-04-10,SIMU-8101581,ISOT-017,N1,85,38,755,82,0.79,-128,Depressurized,0.8,0.66,Depressure
2026-04-10,SIMU-8101750,ISOT-026,N1,88,39,780,69,0.76,-129,,-,-,-
2026-04-10,SIMU-8101848,ISOT-031,N1,85,38,690,67,0.72,-126,Depressurized,0.81,0.71,Depressure
2026-04-10,SIMU-8101909,ISOT-036,N1,85,38,720,67,0.78,-127,,-,-,-
2026-04-10,SIMU-8103711,ISOT-086,N1,92,41,765,80,0.79,-126,,-,-,-
2026-04-10,SIMU-8103732,ISOT-088,N1,83,37,795,84,0.74,-125,Depressurized,0.8,0.69,Depressure
2026-04-10,SIMU-8111297,ISOT-103,N1,83,37,760,80,0.78,-129,,-,-,-
2026-04-10,SIMU-8113176,ISOT-120,N1,90,40,765,81,0.77,-130,Depressurized,0.8,0.72,Depressure
2026-04-10,SIMU-8102567,ISOT-064,N1,0,0,0,86,0.43,28,,-,-,-
2026-04-09,SIMU-8101426,ISOT-009,N1,75,34,670,78,0.78,-127,,-,-,-
2026-04-09,SIMU-8101513,ISOT-014,N1,84,38,690,69,0.7,-127,Depressurized,0.8,0.69,Depressure
2026-04-09,SIMU-8101581,ISOT-017,N1,85,38,755,82,0.76,-128,,-,-,-
2026-04-09,SIMU-8101750,ISOT-026,N1,88,40,780,70,0.74,-129,,-,-,-
2026-04-09,SIMU-8101848,ISOT-031,N1,85,38,690,68,0.76,-127,,-,-,-
2026-04-09,SIMU-8101909,ISOT-036,N1,85,39,720,67,0.74,-127,,-,-,-
2026-04-09,SIMU-8103711,ISOT-086,N1,91,41,765,80,0.75,-126,Depressurized,0.81,0.75,Depressure
2026-04-09,SIMU-8103732,ISOT-088,N1,83,37,795,84,0.78,-125,,-,-,-
2026-04-09,SIMU-8111297,ISOT-103,N1,83,37,760,80,0.76,-129,,-,-,-
2026-04-09,SIMU-8113176,ISOT-120,N1,90,41,765,81,0.77,-130,,-,-,-
2026-04-09,SIMU-8102567,ISOT-064,N1,0,0,0,86,0.43,28,,-,-,-
2026-04-08,SIMU-8101426,ISOT-009,N1,75,34,670,79,0.8,-126,Depressurized,-,-,Depressure
2026-04-08,SIMU-8101513,ISOT-014,N1,84,38,690,69,0.77,-127,,-,-,-
2026-04-08,SIMU-8101581,ISOT-017,N1,85,38,790,82,0.73,-128,Depressurized,0.8,0.69,Depressure
2026-04-08,SIMU-8101750,ISOT-026,N1,90,40,780,71,0.69,-129,Depressurized,0.8,0.69,Depressure
2026-04-08,SIMU-8101848,ISOT-031,N1,85,38,690,69,0.72,-127,Depressurized,0.8,0.7,Depressure
2026-04-08,SIMU-8101909,ISOT-036,N1,86,39,720,69,0.71,-127,Depressurized,0.8,0.68,Depressure
2026-04-08,SIMU-8103711,ISOT-086,N1,91,41,765,80,0.79,-126,,-,-,-
2026-04-08,SIMU-8103732,ISOT-088,N1,83,37,790,84,0.72,-125,Depressurized,0.8,0.7,Depressure
2026-04-08,SIMU-8111297,ISOT-103,N1,83,38,810,80,0.72,-129,Depressurized,0.81,0.72,Depressure
2026-04-08,SIMU-8113176,ISOT-120,N1,91,41,770,81,0.79,-130,Depressurized,-,-,Depressure
2026-04-08,SIMU-8102567,ISOT-064,N1,0,0,0,86,0.43,28,,-,-,-
2026-04-07,SIMU-8101426,ISOT-009,N1,75,34,670,79,0.77,-127,,-,-,-
2026-04-07,SIMU-8101513,ISOT-014,N1,84,38,690,70,0.75,-128,,-,-,-
2026-04-07,SIMU-8101581,ISOT-017,N1,85,38,790,82,0.79,-128,,-,-,-
2026-04-07,SIMU-8101750,ISOT-026,N1,90,40,780,71,0.78,-127,,-,-,-
2026-04-07,SIMU-8101848,ISOT-031,N1,85,38,700,69,0.75,-127,,-,-,-
2026-04-07,SIMU-8101909,ISOT-036,N1,86,39,725,69,0.77,-127,,-,-,-
2026-04-07,SIMU-8103711,ISOT-086,N1,91,41,765,80,0.78,-127,,-,-,-
2026-04-07,SIMU-8103732,ISOT-088,N1,83,37,790,84,0.77,-125,,-,-,-
2026-04-07,SIMU-8111297,ISOT-103,N1,83,38,770,80,0.78,-129,Depressurized,-,-,Depressure
2026-04-07,SIMU-8113176,ISOT-120,N1,91,42,765,81,0.77,-130,,-,-,-
2026-04-07,SIMU-8102567,ISOT-064,N1,0,0,0,86,0.43,28,,-,-,-
2026-04-06,SIMU-8101426,ISOT-009,N1,76,34,670,79,0.8,-127,Depressurized,0.8,0.71,Depressure
2026-04-06,SIMU-8101513,ISOT-014,N1,85,38,690,70,0.73,-128,Depressurized,0.8,0.69,Depressure
2026-04-06,SIMU-8101581,ISOT-017,N1,87,38,790,83,0.77,-128,,-,-,-
2026-04-06,SIMU-8101750,ISOT-026,N1,90,40,780,72,0.75,-130,,-,-,-
2026-04-06,SIMU-8101848,ISOT-031,N1,86,38,700,69,0.71,-127,Depressurized,0.8,0.69,Depressure
2026-04-06,SIMU-8101909,ISOT-036,N1,87,39,725,70,0.76,-127,,-,-,-
2026-04-06,SIMU-8103711,ISOT-086,N1,92,41,765,80,0.78,-127,,-,-,-
2026-04-06,SIMU-8103732,ISOT-088,N1,83,38,790,85,0.73,-126,Depressurized,0.8,0.69,Depressure
2026-04-06,SIMU-8111297,ISOT-103,N1,84,38,770,80,0.76,-129,,-,-,-
2026-04-06,SIMU-8113176,ISOT-120,N1,93,42,765,81,0.79,-131,Depressurized,0.8,0.71,Depressure
2026-04-06,SIMU-8102567,ISOT-064,N1,0,0,0,86,0.43,28,,-,-,-
2026-04-05,SIMU-8101426,ISOT-009,N1,76,34,675,79,0.77,-127,Depressurized,0.8,0.71,Depressure
2026-04-05,SIMU-8101513,ISOT-014,N1,85,38,700,70,0.79,-127,,-,-,-
2026-04-05,SIMU-8101581,ISOT-017,N1,86,38,760,83,0.74,-128,,-,-,-
2026-04-05,SIMU-8101750,ISOT-026,N1,90,40,750,72,0.73,-129,,-,-,-
2026-04-05,SIMU-8101848,ISOT-031,N1,86,38,700,70,0.76,-127,,-,-,-
2026-04-05,SIMU-8101909,ISOT-036,N1,86,39,720,70,0.72,-127,Depressurized,0.8,0.68,Depressure
2026-04-05,SIMU-8103711,ISOT-086,N1,91,41,765,80,0.76,-127,,-,-,-
2026-04-05,SIMU-8103732,ISOT-088,N1,84,38,800,85,0.78,-125,,-,-,-
2026-04-05,SIMU-8111297,ISOT-103,N1,84,38,765,80,0.74,-130,,-,-,-
2026-04-05,SIMU-8113176,ISOT-120,N1,93,42,770,81,0.76,-131,Depressurized,0.8,0.71,Depressure
2026-04-05,SIMU-8102567,ISOT-064,N1,0,0,0,86,0.43,28,,-,-,-
2026-04-04,SIMU-8101426,ISOT-009,N1,76,34,675,79,0.79,-127,,-,-,-
2026-04-04,SIMU-8101513,ISOT-014,N1,85,38,700,71,0.77,-127,Depressurized,0.8,0.73,-
2026-04-04,SIMU-8101581,ISOT-017,N1,85,38,760,83,0.71,-128,Depressurized,-,-,Depressure
2026-04-04,SIMU-8101750,ISOT-026,N1,90,40,750,72,0.7,-130,Depressurized,-,-,Depressure
2026-04-04,SIMU-8101848,ISOT-031,N1,86,39,700,70,0.71,-127,Depressurized,-,-,Depressure
2026-04-04,SIMU-8101909,ISOT-036,N1,89,39,725,70,0.79,-127,,-,-,-
2026-04-04,SIMU-8103711,ISOT-086,N1,91,41,765,80,0.76,-127,,-,-,-
2026-04-04,SIMU-8103732,ISOT-088,N1,84,38,810,85,0.74,-126,Depressurized,-,-,Depressure
2026-04-04,SIMU-8111297,ISOT-103,N1,84,38,775,80,0.71,-130,Depressurized,-,-,Depressure
2026-04-04,SIMU-8113176,ISOT-120,N1,93,42,770,81,0.78,-131,,-,-,-
2026-04-04,SIMU-8102567,ISOT-064,N1,0,0,0,86,0.43,28,,-,-,-
2026-04-03,SIMU-8101426,ISOT-009,N1,76,34,670,79,0.77,-127,Depressurized,-,-,Depressure
2026-04-03,SIMU-8101513,ISOT-014,N1,85,38,695,72,0.75,-127,Depressurized,-,-,Depressure
2026-04-03,SIMU-8101581,ISOT-017,N1,89,39,800,83,0.79,-128,,-,-,-
2026-04-03,SIMU-8101750,ISOT-026,N1,92,41,790,72,0.78,-129,,-,-,-
2026-04-03,SIMU-8101848,ISOT-031,N1,86,39,700,70,0.75,-127,Depressurized,0.79,0.7,-
2026-04-03,SIMU-8101909,ISOT-036,N1,88,39,730,71,0.76,-127,,-,-,-
2026-04-03,SIMU-8103711,ISOT-086,N1,91,41,760,81,0.75,-127,,-,-,-
2026-04-03,SIMU-8103732,ISOT-088,N1,84,38,830,85,0.76,-126,Depressurized,-,-,Depressure
2026-04-03,SIMU-8111297,ISOT-103,N1,84,38,820,80,0.78,-130,,-,-,-
2026-04-03,SIMU-8113176,ISOT-120,N1,93,42,770,81,0.75,-131,Depressurized,-,-,Depressure
2026-04-03,SIMU-8102567,ISOT-064,N1,0,0,0,86,0.43,28,,-,-,-
2026-04-02,SIMU-8101426,ISOT-009,N1,76,34,665,79,0.78,-127,,-,-,-
2026-04-02,SIMU-8101513,ISOT-014,N1,86,38,695,72,0.79,-127,,-,-,-
2026-04-02,SIMU-8101581,ISOT-017,N1,88,39,770,83,0.76,-128,,-,-,-
2026-04-02,SIMU-8101750,ISOT-026,N1,91,41,775,73,0.76,-129,,-,-,-
2026-04-02,SIMU-8101848,ISOT-031,N1,86,39,700,71,0.71,-127,Depressurized,-,-,Depressure
2026-04-02,SIMU-8101909,ISOT-036,N1,87,39,730,73,0.73,-127,Depressurized,-,-,Depressure
2026-04-02,SIMU-8103711,ISOT-086,N1,91,41,770,81,0.74,-127,,-,-,-
2026-04-02,SIMU-8103732,ISOT-088,N1,84,38,810,85,0.78,-126,,-,-,-
2026-04-02,SIMU-8111297,ISOT-103,N1,84,38,820,80,0.76,-130,,-,-,-
2026-04-02,SIMU-8113176,ISOT-120,N1,93,42,770,81,0.77,-131,,-,-,-
2026-04-02,SIMU-8102567,ISOT-064,N1,0,0,0,86,0.43,28,,-,-,-
2026-04-01,SIMU-8101426,ISOT-009,N1,76,34,665,79,0.76,-128,,-,-,-
2026-04-01,SIMU-8101513,ISOT-014,N1,86,38,700,73,0.76,-127,,-,-,-
2026-04-01,SIMU-8101581,ISOT-017,N1,88,40,800,83,0.72,-129,Depressurized,-,-,Depressure
2026-04-01,SIMU-8101750,ISOT-026,N1,92,41,755,74,0.73,-130,,-,-,-
2026-04-01,SIMU-8101848,ISOT-031,N1,87,39,700,71,0.77,-127,,-,-,-
2026-04-01,SIMU-8101909,ISOT-036,N1,89,40,730,73,0.78,-126,,-,-,-
2026-04-01,SIMU-8103711,ISOT-086,N1,91,41,760,81,0.73,-128,,-,-,-
2026-04-01,SIMU-8103732,ISOT-088,N1,84,38,845,85,0.74,-126,Depressurized,-,-,Depressure
2026-04-01,SIMU-8111297,ISOT-103,N1,84,38,785,80,0.75,-130,,-,-,-
2026-04-01,SIMU-8113176,ISOT-120,N1,93,42,810,81,0.74,-132,Depressurized,-,-,Depressure
2026-04-01,SIMU-8102567,ISOT-064,N1,0,0,0,86,0.43,28,,-,-,-
2026-03-15,SIMU-8101426,ISOT-009,N1,77,35,716,85,0.73,-129,,-,-,-
2026-03-15,SIMU-8101513,ISOT-014,N1,90.4,40,760,91,0.75,-128,,-,-,-
2026-03-15,SIMU-8101581,ISOT-017,N1,94,43,812,88,0.78,-131,,-,-,-
2026-03-15,SIMU-8101750,ISOT-026,N1,93,42,818,90,0.79,-132,,-,-,-
2026-03-15,SIMU-8101848,ISOT-031,N1,93,42,775,88,0.8,-128,,-,-,Depressure
2026-03-15,SIMU-8101909,ISOT-036,N1,91,41,780,91,0.73,-127,Depressurized,0.8,0.68,Depressure
2026-03-15,SIMU-8102567,ISOT-064,N1,0,0,0,88,0.43,29,,-,-,-
2026-03-15,SIMU-8103711,ISOT-086,N1,91,41,756,87,0.6,-131,,-,-,-
2026-03-15,SIMU-8103732,ISOT-088,N1,88,40,857,88,0.8,-129,Depressurized,0.8,0.74,Depressure
2026-03-15,SIMU-8111297,ISOT-103,N1,90,40,828,87,0.68,-133,,-,-,-
2026-03-15,SIMU-8113176,ISOT-120,N1,91,41,790,87,0.7,-134,,-,-,-
2026-03-14,SIMU-8101426,ISOT-009,N1,77,35,716,85,0.71,-130,,-,-,-
2026-03-14,SIMU-8101513,ISOT-014,N1,90.4,40,764,91,0.72,-128,,-,-,-
2026-03-14,SIMU-8101581,ISOT-017,N1,94,43,814,88,0.75,-132,,-,-,-
2026-03-14,SIMU-8101750,ISOT-026,N1,93,42,821,90,0.77,-132,,-,-,-
2026-03-14,SIMU-8101848,ISOT-031,N1,93,42,780,88,0.78,-128,,-,-,-
2026-03-14,SIMU-8101909,ISOT-036,N1,91,41,783,91,0.79,-128,,-,-,Depressure
2026-03-14,SIMU-8102567,ISOT-064,N1,0,0,0,88,0.43,29,,-,-,-
2026-03-14,SIMU-8103711,ISOT-086,N1,91,41,756,87,0.58,-131,,-,-,-
2026-03-14,SIMU-8103732,ISOT-088,N1,88,40,859,88,0.79,-129,Depressurized,0.81,0.7,-
2026-03-14,SIMU-8111297,ISOT-103,N1,90,40,829,87,0.67,-134,Depressurized,0.82,0.62,Depressure
2026-03-14,SIMU-8113176,ISOT-120,N1,91,41,790,87,0.68,-135,,-,-,-
2026-03-13,SIMU-8101426,ISOT-009,N1,77,35,716,85,0.71,-130,,-,-,-
2026-03-13,SIMU-8101513,ISOT-014,N1,90.4,40,768,91,0.7,-128,Depressurized,0.8,0.68,Depressure
2026-03-13,SIMU-8101581,ISOT-017,N1,94,43,816,88,0.74,-132,,-,-,-
2026-03-13,SIMU-8101750,ISOT-026,N1,93,42,824,90,0.75,-132,,-,-,-
2026-03-13,SIMU-8101848,ISOT-031,N1,93,42,785,88,0.75,-129,,-,-,-
2026-03-13,SIMU-8101909,ISOT-036,N1,91,41,786,91,0.78,-128,,-,-,-
2026-03-13,SIMU-8102567,ISOT-064,N1,0,0,0,88,0.43,29,,-,-,-
2026-03-13,SIMU-8103711,ISOT-086,N1,91,41,756,87,0.58,-131,,-,-,-
2026-03-13,SIMU-8103732,ISOT-088,N1,88,40,861,88,0.77,-129,,-,-,Depressure
2026-03-13,SIMU-8111297,ISOT-103,N1,90,40,831,87,0.69,-134,Depressurized,0.84,0.65,Depressure
2026-03-13,SIMU-8113176,ISOT-120,N1,91,41,790,87,0.68,-135,,-,-,-
2026-03-12,SIMU-8101426,ISOT-009,N1,77,35,716,85,0.69,-130,,-,-,-
2026-03-12,SIMU-8101513,ISOT-014,N1,90.4,40,772,91,0.8,-128,,-,-,-
2026-03-12,SIMU-8101581,ISOT-017,N1,94,43,818,88,0.72,-132,,-,-,-
2026-03-12,SIMU-8101750,ISOT-026,N1,93,42,827,90,0.71,-133,Depressurized,0.8,0.69,Depressure
2026-03-12,SIMU-8101848,ISOT-031,N1,93,42,790,88,0.74,-129,,-,-,-
2026-03-12,SIMU-8101909,ISOT-036,N1,91,41,789,91,0.76,-128,,-,-,-
2026-03-12,SIMU-8102567,ISOT-064,N1,0,0,0,88,0.43,26,,-,-,-
2026-03-12,SIMU-8103711,ISOT-086,N1,91,41,756,87,0.57,-131,,-,-,-
2026-03-12,SIMU-8103732,ISOT-088,N1,88,40,863,88,0.79,-130,Depressurized,0.82,0.73,-
2026-03-12,SIMU-8111297,ISOT-103,N1,90,40,833,87,0.73,-135,,-,-,-
2026-03-12,SIMU-8113176,ISOT-120,N1,91,41,790,87,0.67,-135,,-,-,-
2026-03-11,SIMU-8101426,ISOT-009,N1,77,35,716,85,0.68,-130,,-,-,-
2026-03-11,SIMU-8101513,ISOT-014,N1,90.4,40,772,91,0.77,-128,,-,-,-
2026-03-11,SIMU-8101581,ISOT-017,N1,94,43,820,88,0.69,-132,Depressurized,0.81,0.65,Depressure
2026-03-11,SIMU-8101750,ISOT-026,N1,93,42,830,90,0.79,-133,,-,-,-
2026-03-11,SIMU-8101848,ISOT-031,N1,93,42,795,88,0.7,-129,,-,-,-
2026-03-11,SIMU-8101909,ISOT-036,N1,91,41,792,91,0.74,-128,,-,-,-
2026-03-11,SIMU-8102567,ISOT-064,N1,0,0,0,88,0.43,26,,-,-,-
2026-03-11,SIMU-8103711,ISOT-086,N1,91,41,756,87,0.55,-131,,-,-,-
2026-03-11,SIMU-8103732,ISOT-088,N1,88,40,865,88,0.79,-130,,-,-,-
2026-03-11,SIMU-8111297,ISOT-103,N1,90,40,834,87,0.65,-135,Depressurized,0.81,0.6,Depressure
2026-03-11,SIMU-8113176,ISOT-120,N1,91,41,790,87,0.66,-135,,-,-,-
2026-03-10,SIMU-8101426,ISOT-009,N1,77,35,716,85,0.67,-131,,-,-,-
2026-03-10,SIMU-8101513,ISOT-014,N1,90.4,40,772,91,0.77,-129,,-,-,-
2026-03-10,SIMU-8101581,ISOT-017,N1,94,43,822,88,0.79,-133,,-,-,-
2026-03-10,SIMU-8101750,ISOT-026,N1,93,42,830,90,0.78,-133,,-,-,-
2026-03-10,SIMU-8101848,ISOT-031,N1,93,42,800,88,0.67,-129,,-,-,-
2026-03-10,SIMU-8101909,ISOT-036,N1,91,41,795,91,0.72,-128,,-,-,-
2026-03-10,SIMU-8102567,ISOT-064,N1,0,0,0,88,0.43,26,,-,-,-
2026-03-10,SIMU-8103711,ISOT-086,N1,91,41,756,87,0.55,-132,,-,-,-
2026-03-10,SIMU-8103732,ISOT-088,N1,88,40,867,88,0.76,-131,,-,-,-
2026-03-10,SIMU-8111297,ISOT-103,N1,90,40,836,87,0.7,-135,Depressurized,0.81,0.63,Depressure
2026-03-10,SIMU-8113176,ISOT-120,N1,91,41,790,87,0.65,-135,,-,-,-
2026-03-09,SIMU-8101426,ISOT-009,N1,77,35,716,85,0.66,-130,,-,-,-
2026-03-09,SIMU-8101513,ISOT-014,N1,90.4,40,772,91,0.76,-129,,-,-,-
2026-03-09,SIMU-8101581,ISOT-017,N1,94,43,824,88,0.77,-133,,-,-,-
2026-03-09,SIMU-8101750,ISOT-026,N1,93,42,830,90,0.77,-133,,-,-,-
2026-03-09,SIMU-8101848,ISOT-031,N1,93,42,805,88,0.7,-129,,-,-,-
2026-03-09,SIMU-8101909,ISOT-036,N1,91,41,798,91,0.68,-128,Depressurized,0.81,0.65,Depressure
2026-03-09,SIMU-8102567,ISOT-064,N1,0,0,0,88,0.43,26,,-,-,-
2026-03-09,SIMU-8103711,ISOT-086,N1,91,41,756,87,0.54,-132,,-,-,-
2026-03-09,SIMU-8103732,ISOT-088,N1,88,40,869,88,0.75,-131,,-,-,-
2026-03-09,SIMU-8111297,ISOT-103,N1,90,40,838,87,0.71,-135,,-,-,-
2026-03-09,SIMU-8113176,ISOT-120,N1,91,41,790,87,0.64,-136,,-,-,-
2026-03-08,SIMU-8101426,ISOT-009,N1,77,35,716,85,0.66,-130,,-,-,-
2026-03-08,SIMU-8101513,ISOT-014,N1,90.4,40,772,91,0.75,-129,,-,-,-
2026-03-08,SIMU-8101581,ISOT-017,N1,94,43,826,88,0.75,-136,Depressurized,0.83,0.72,Depressure
2026-03-08,SIMU-8101750,ISOT-026,N1,93,42,830,90,0.76,-133,,-,-,-
2026-03-08,SIMU-8101848,ISOT-031,N1,93,42,810,88,0.68,-129,,-,-,-
2026-03-08,SIMU-8101909,ISOT-036,N1,91,41,801,91,0.78,-129,,-,-,-
2026-03-08,SIMU-8102567,ISOT-064,N1,0,0,0,88,0.43,26,,-,-,-
2026-03-08,SIMU-8103711,ISOT-086,N1,91,41,756,87,0.54,-133,,-,-,-
2026-03-08,SIMU-8103732,ISOT-088,N1,88,40,871,88,0.74,-131,,-,-,-
2026-03-08,SIMU-8111297,ISOT-103,N1,90,40,838,87,0.63,-133,,-,-,-
2026-03-08,SIMU-8113176,ISOT-120,N1,91,41,790,87,0.63,-137,,-,-,-
2026-03-07,SIMU-8101426,ISOT-009,N1,77,35,716,85,0.66,-132,,-,-,-
2026-03-07,SIMU-8101513,ISOT-014,N1,90.4,40,772,91,0.72,-129,,-,-,-
2026-03-07,SIMU-8101581,ISOT-017,N1,94,43,828,88,0.72,-135,Depressurized,0.83,0.75,Depressure
2026-03-07,SIMU-8101750,ISOT-026,N1,93,42,830,90,0.74,-134,,-,-,-
2026-03-07,SIMU-8101848,ISOT-031,N1,93,42,815,88,0.67,-130,,-,-,-
2026-03-07,SIMU-8101909,ISOT-036,N1,91,41,801,91,0.77,-129,,-,-,-
2026-03-07,SIMU-8102567,ISOT-064,N1,0,0,0,88,0.43,26,,-,-,-
2026-03-07,SIMU-8103711,ISOT-086,N1,91,41,756,87,0.52,-133,,-,-,-
2026-03-07,SIMU-8103732,ISOT-088,N1,88,40,873,88,0.71,-131,,-,-,-
2026-03-07,SIMU-8111297,ISOT-103,N1,90,40,838,87,0.61,-133,,-,-,-
2026-03-07,SIMU-8113176,ISOT-120,N1,91,41,790,87,0.61,-137,,-,-,-
2026-03-06,SIMU-8101426,ISOT-009,N1,77,35,716,85,0.66,-132,,-,-,-
2026-03-06,SIMU-8101513,ISOT-014,N1,90.4,40,772,91,0.71,-133,,-,-,-
2026-03-06,SIMU-8101581,ISOT-017,N1,95,43,830,88,0.75,-136,Depressurized,0.79,0.49,Depressure
2026-03-06,SIMU-8101750,ISOT-026,N1,93,42,830,90,0.72,-136,,-,-,-
2026-03-06,SIMU-8101848,ISOT-031,N1,93,42,820,88,0.64,-131,,-,-,-
2026-03-06,SIMU-8101909,ISOT-036,N1,91,41,801,91,0.75,-133,,-,-,-
2026-03-06,SIMU-8102567,ISOT-064,N1,0,0,0,88,0.43,26,,-,-,-
2026-03-06,SIMU-8103711,ISOT-086,N1,91,41,756,87,0.52,-133,,-,-,-
2026-03-06,SIMU-8103732,ISOT-088,N1,88,40,875,88,0.68,-132,Depressurized,0.75,0.65,Depressure
2026-03-06,SIMU-8111297,ISOT-103,N1,90,40,838,87,0.61,-133,,-,-,-
2026-03-06,SIMU-8113176,ISOT-120,N1,91,41,790,87,0.6,-140,,-,-,-
2026-03-05,SIMU-8101426,ISOT-009,N1,77,35,716,85,0.65,-132,,-,-,-
2026-03-05,SIMU-8101513,ISOT-014,N1,90.4,40,772,91,0.74,-133,,-,-,-
2026-03-05,SIMU-8101581,ISOT-017,N1,95,43,832,88,0.78,-136,,-,-,-
2026-03-05,SIMU-8101750,ISOT-026,N1,93,42,830,90,0.77,-136,,-,-,-
2026-03-05,SIMU-8101848,ISOT-031,N1,93,42,825,88,0.6,-131,Depressurized,0.78,0.6,Depressure
2026-03-05,SIMU-8101909,ISOT-036,N1,91,41,801,91,0.76,-133,,-,-,-
2026-03-05,SIMU-8102567,ISOT-064,N1,0,0,0,88,0.43,26,,-,-,-
2026-03-05,SIMU-8103711,ISOT-086,N1,91,41,756,87,0.55,-133,,-,-,-
2026-03-05,SIMU-8103732,ISOT-088,N1,88,40,877,88,0.75,-132,,-,-,-
2026-03-05,SIMU-8111297,ISOT-103,N1,90,40,838,87,0.6,-133,,-,-,-
2026-03-05,SIMU-8113176,ISOT-120,N1,91,41,790,87,0.62,-140,,-,-,-
2026-03-04,SIMU-8101426,ISOT-009,N1,77,35,716,85,0.65,-132,,-,-,-
2026-03-04,SIMU-8101513,ISOT-014,N1,90.4,40,772,91,0.73,-133,,-,-,-
2026-03-04,SIMU-8101581,ISOT-017,N1,95,43,832,88,0.74,-136,,-,-,-
2026-03-04,SIMU-8101750,ISOT-026,N1,93,42,830,90,0.75,-136,,-,-,-
2026-03-04,SIMU-8101848,ISOT-031,N1,93,42,830,88,0.76,-131,,-,-,-
2026-03-04,SIMU-8101909,ISOT-036,N1,91,41,801,91,0.75,-133,,-,-,-
2026-03-04,SIMU-8102567,ISOT-064,N1,0,0,0,88,0.43,26,,-,-,-
2026-03-04,SIMU-8103711,ISOT-086,N1,91,41,756,87,0.54,-133,,-,-,-
2026-03-04,SIMU-8103732,ISOT-088,N1,88,40,877,88,0.73,-132,,-,-,-
2026-03-04,SIMU-8111297,ISOT-103,N1,90,40,838,87,0.59,-133,,-,-,-
2026-03-04,SIMU-8113176,ISOT-120,N1,91,41,790,87,0.61,-140,,-,-,-
2026-03-03,SIMU-8101426,ISOT-009,N1,77,35,716,85,0.63,-132,,-,-,-
2026-03-03,SIMU-8101513,ISOT-014,N1,90.4,40,772,91,0.72,-133,,-,-,-
2026-03-03,SIMU-8101581,ISOT-017,N1,95,43,832,88,0.73,-136,,-,-,-
2026-03-03,SIMU-8101750,ISOT-026,N1,93,42,830,90,0.74,-136,,-,-,-
2026-03-03,SIMU-8101848,ISOT-031,N1,93,42,830,88,0.74,-131,,-,-,-
2026-03-03,SIMU-8101909,ISOT-036,N1,91,41,801,91,0.73,-133,,-,-,-
2026-03-03,SIMU-8102567,ISOT-064,N1,0,0,0,88,0.43,26,,-,-,-
2026-03-03,SIMU-8103711,ISOT-086,N1,91,41,756,87,0.53,-133,,-,-,-
2026-03-03,SIMU-8103732,ISOT-088,N1,88,40,877,88,0.72,-132,,-,-,-
2026-03-03,SIMU-8111297,ISOT-103,N1,90,40,838,87,0.58,-133,,-,-,-
2026-03-03,SIMU-8113176,ISOT-120,N1,91,41,790,87,0.6,-140,,-,-,-
2026-03-02,SIMU-8101426,ISOT-009,N1,77,35,716,85,0.63,-132,,-,-,-
2026-03-02,SIMU-8101513,ISOT-014,N1,90.4,40,772,91,0.71,-133,,-,-,-
2026-03-02,SIMU-8101581,ISOT-017,N1,95,43,832,88,0.72,-136,,-,-,-
2026-03-02,SIMU-8101750,ISOT-026,N1,93,42,830,90,0.73,-136,,-,-,-
2026-03-02,SIMU-8101848,ISOT-031,N1,93,42,830,88,0.72,-131,,-,-,-
2026-03-02,SIMU-8101909,ISOT-036,N1,91,41,801,91,0.72,-133,,-,-,-
2026-03-02,SIMU-8102567,ISOT-064,N1,0,0,0,88,0.43,26,,-,-,-
2026-03-02,SIMU-8103711,ISOT-086,N1,91,41,756,87,0.53,-133,,-,-,-
2026-03-02,SIMU-8103732,ISOT-088,N1,88,40,877,88,0.7,-132,,-,-,-
2026-03-02,SIMU-8111297,ISOT-103,N1,90,40,838,87,0.56,-133,,-,-,-
2026-03-02,SIMU-8113176,ISOT-120,N1,91,41,790,87,0.6,-140,,-,-,-
2026-03-01,SIMU-8101426,ISOT-009,N1,77,35,716,85,0.62,-132,,-,-,-
2026-03-01,SIMU-8101513,ISOT-014,N1,90.4,40,772,91,0.7,-133,,-,-,-
2026-03-01,SIMU-8101581,ISOT-017,N1,95,43,832,88,0.7,-136,,-,-,-
2026-03-01,SIMU-8101750,ISOT-026,N1,93,42,830,90,0.71,-136,,-,-,-
2026-03-01,SIMU-8101848,ISOT-031,N1,93,42,830,88,0.7,-131,,-,-,-
2026-03-01,SIMU-8101909,ISOT-036,N1,91,41,801,91,0.71,-133,,-,-,-
2026-03-01,SIMU-8102567,ISOT-064,N1,0,0,0,88,0.43,26,,-,-,-
2026-03-01,SIMU-8103711,ISOT-086,N1,91,41,756,87,0.52,-133,,-,-,-
2026-03-01,SIMU-8103732,ISOT-088,N1,88,40,877,88,0.69,-132,Depressurized,0.79,0.43,-
2026-03-01,SIMU-8111297,ISOT-103,N1,90,40,838,87,0.56,-133,,-,-,-
2026-03-01,SIMU-8113176,ISOT-120,N1,91,41,790,87,0.59,-140,,-,-,-
2026-02-28,SIMU-8101426,ISOT-009,N1,77,35,716,85,0.61,-132,,-,-,-
2026-02-28,SIMU-8101513,ISOT-014,N1,90.4,40,772,91,0.69,-133,,-,-,-
2026-02-28,SIMU-8101581,ISOT-017,N1,95,43,832,88,0.69,-136,,-,-,-
2026-02-28,SIMU-8101750,ISOT-026,N1,93,42,830,90,0.7,-137,,-,-,-
2026-02-28,SIMU-8101848,ISOT-031,N1,93,42,830,88,0.69,-131,,-,-,-
2026-02-28,SIMU-8101909,ISOT-036,N1,91,41,801,91,0.7,-133,,-,-,-
2026-02-28,SIMU-8102567,ISOT-064,N1,0,0,0,88,0.43,26,,-,-,-
2026-02-28,SIMU-8103711,ISOT-086,N1,91,41,756,87,0.52,-133,,-,-,-
2026-02-28,SIMU-8103732,ISOT-088,N1,88,40,877,88,0.67,-132,,-,-,-
2026-02-28,SIMU-8111297,ISOT-103,N1,90,40,838,87,0.55,-133,,-,-,-
2026-02-28,SIMU-8113176,ISOT-120,N1,91,41,790,87,0.58,-140,,-,-,-
2026-02-27,SIMU-8101426,ISOT-009,N1,77,35,716,85,0.6,-132,,-,-,-
2026-02-27,SIMU-8101513,ISOT-014,N1,90.4,40,772,91,0.68,-133,,-,-,-
2026-02-27,SIMU-8101581,ISOT-017,N1,95,43,832,88,0.68,-136,,-,-,-
2026-02-27,SIMU-8101750,ISOT-026,N1,93,42,830,90,0.69,-137,,-,-,-
2026-02-27,SIMU-8101848,ISOT-031,N1,93,42,830,88,0.68,-131,,-,-,-
2026-02-27,SIMU-8101909,ISOT-036,N1,91,41,801,91,0.69,-133,,-,-,-
2026-02-27,SIMU-8102567,ISOT-064,N1,0,0,0,88,0.43,26,,-,-,-
2026-02-27,SIMU-8103711,ISOT-086,N1,91,41,756,87,0.51,-133,,-,-,-
2026-02-27,SIMU-8103732,ISOT-088,N1,88,40,877,88,0.66,-132,,-,-,-
2026-02-27,SIMU-8111297,ISOT-103,N1,90,40,838,87,0.55,-133,,-,-,-
2026-02-27,SIMU-8113176,ISOT-120,N1,91,41,790,87,0.57,-140,,-,-,-
2026-02-26,SIMU-8101426,ISOT-009,N1,77,35,716,85,0.6,-132,,-,-,-
2026-02-26,SIMU-8101513,ISOT-014,N1,90.4,40,772,91,0.67,-133,,-,-,-
2026-02-26,SIMU-8101581,ISOT-017,N1,95,43,832,88,0.67,-136,,-,-,-
2026-02-26,SIMU-8101750,ISOT-026,N1,93,42,830,90,0.68,-137,,-,-,-
2026-02-26,SIMU-8101848,ISOT-031,N1,93,42,830,88,0.66,-131,,-,-,-
2026-02-26,SIMU-8101909,ISOT-036,N1,91,41,801,91,0.68,-133,,-,-,-
2026-02-26,SIMU-8102567,ISOT-064,N1,0,0,0,88,0.43,26,,-,-,-
2026-02-26,SIMU-8103711,ISOT-086,N1,91,41,756,87,0.51,-133,,-,-,-
2026-02-26,SIMU-8103732,ISOT-088,N1,88,40,877,88,0.64,-132,,-,-,-
2026-02-26,SIMU-8111297,ISOT-103,N1,90,40,838,87,0.54,-133,,-,-,-
2026-02-26,SIMU-8113176,ISOT-120,N1,91,41,790,87,0.56,-140,,-,-,-
2026-02-25,SIMU-8101426,ISOT-009,N1,77,35,716,85,0.59,-132,,-,-,-
2026-02-25,SIMU-8101513,ISOT-014,N1,90.4,40,772,91,0.66,-133,,-,-,-
2026-02-25,SIMU-8101581,ISOT-017,N1,95,43,832,88,0.66,-136,,-,-,-
2026-02-25,SIMU-8101750,ISOT-026,N1,93,42,830,90,0.68,-137,,-,-,-
2026-02-25,SIMU-8101848,ISOT-031,N1,93,42,830,88,0.65,-131,,-,-,-
2026-02-25,SIMU-8101909,ISOT-036,N1,91,41,801,91,0.67,-133,,-,-,-
2026-02-25,SIMU-8102567,ISOT-064,N1,0,0,0,88,0.43,26,,-,-,-
2026-02-25,SIMU-8103711,ISOT-086,N1,91,41,756,87,0.5,-133,,-,-,-
2026-02-25,SIMU-8103732,ISOT-088,N1,88,40,877,88,0.63,-132,,-,-,-
2026-02-25,SIMU-8111297,ISOT-103,N1,90,40,838,87,0.53,-133,,-,-,-
2026-02-25,SIMU-8113176,ISOT-120,N1,91,41,790,87,0.56,-140,,-,-,-
2026-02-24,SIMU-8101426,ISOT-009,N1,77,35,716,85,0.57,-132,,-,-,-
2026-02-24,SIMU-8101513,ISOT-014,N1,90.4,40,772,91,0.64,-133,,-,-,-
2026-02-24,SIMU-8101581,ISOT-017,N1,95,43,832,88,0.64,-136,,-,-,-
2026-02-24,SIMU-8101750,ISOT-026,N1,93,42,830,90,0.66,-137,,-,-,-
2026-02-24,SIMU-8101848,ISOT-031,N1,93,42,830,88,0.61,-131,,-,-,-
2026-02-24,SIMU-8101909,ISOT-036,N1,91,41,801,91,0.65,-133,,-,-,-
2026-02-24,SIMU-8102567,ISOT-064,N1,0,0,0,88,0.43,26,,-,-,-
2026-02-24,SIMU-8103711,ISOT-086,N1,91,41,756,87,0.49,-133,,-,-,-
2026-02-24,SIMU-8103732,ISOT-088,N1,88,40,877,88,0.6,-132,,-,-,-
2026-02-24,SIMU-8111297,ISOT-103,N1,90,40,838,87,0.52,-133,,-,-,-
2026-02-24,SIMU-8113176,ISOT-120,N1,91,41,790,87,0.54,-140,,-,-,-
2026-02-23,SIMU-8101426,ISOT-009,N1,77,35,716,85,0.56,-133,,-,-,-
2026-02-23,SIMU-8101513,ISOT-014,N1,90.4,40,772,91,0.63,-133,,-,-,-
2026-02-23,SIMU-8101581,ISOT-017,N1,95,43,832,88,0.63,-136,,-,-,-
2026-02-23,SIMU-8101750,ISOT-026,N1,93,42,830,90,0.66,-137,,-,-,-
2026-02-23,SIMU-8101848,ISOT-031,N1,93,42,830,88,0.57,-131,Depressurized,0.76,0.49,Depress
2026-02-23,SIMU-8101909,ISOT-036,N1,91,41,801,91,0.64,-133,,-,-,-
2026-02-23,SIMU-8102567,ISOT-064,N1,0,0,0,88,0.43,26,,-,-,-
2026-02-23,SIMU-8103711,ISOT-086,N1,91,41,756,87,0.49,-136,,-,-,-
2026-02-23,SIMU-8103732,ISOT-088,N1,88,40,877,88,0.58,-132,,-,-,-
2026-02-23,SIMU-8111297,ISOT-103,N1,90,40,838,87,0.52,-138,,-,-,-
2026-02-23,SIMU-8113176,ISOT-120,N1,91,41,790,87,0.53,-140,,-,-,-
2026-02-22,SIMU-8101426,ISOT-009,N1,77,35,716,85,0.56,-133,,-,-,-
2026-02-22,SIMU-8101513,ISOT-014,N1,90.4,40,772,91,0.63,-133,,-,-,-
2026-02-22,SIMU-8101581,ISOT-017,N1,95,43,832,88,0.63,-136,,-,-,-
2026-02-22,SIMU-8101750,ISOT-026,N1,93,42,830,90,0.65,-137,,-,-,-
2026-02-22,SIMU-8101848,ISOT-031,N1,93,42,830,88,0.75,-131,,-,-,-
2026-02-22,SIMU-8101909,ISOT-036,N1,91,41,801,91,0.64,-133,,-,-,-
2026-02-22,SIMU-8102567,ISOT-064,N1,0,0,0,88,0.43,26,,-,-,-
2026-02-22,SIMU-8103711,ISOT-086,N1,91,41,756,87,0.48,-136,,-,-,-
2026-02-22,SIMU-8103732,ISOT-088,N1,88,40,877,88,0.57,-132,,-,-,-
2026-02-22,SIMU-8111297,ISOT-103,N1,90,40,838,87,0.52,-138,,-,-,-
2026-02-22,SIMU-8113176,ISOT-120,N1,91,41,790,87,0.53,-140,,-,-,-
2026-02-21,SIMU-8101426,ISOT-009,N1,77,35,716,85,0.55,-134,,-,-,-
2026-02-21,SIMU-8101513,ISOT-014,N1,90.4,40,772,91,0.61,-132,,-,-,-
2026-02-21,SIMU-8101581,ISOT-017,N1,95,43,832,88,0.61,-136,,-,-,-
2026-02-21,SIMU-8101750,ISOT-026,N1,93,42,830,90,0.64,-137,,-,-,-
2026-02-21,SIMU-8101848,ISOT-031,N1,93,42,830,88,0.73,-131,,-,-,-
2026-02-21,SIMU-8101909,ISOT-036,N1,91,41,801,91,0.64,-133,,-,-,-
2026-02-21,SIMU-8102567,ISOT-064,N1,0,0,0,88,0.43,26,,-,-,-
2026-02-21,SIMU-8103711,ISOT-086,N1,91,41,756,87,0.48,-136,,-,-,-
2026-02-21,SIMU-8103732,ISOT-088,N1,88,40,877,88,0.54,-133,Depressurized,0.79,0.49,Depress
2026-02-21,SIMU-8111297,ISOT-103,N1,90,40,838,87,0.51,-137,,-,-,-
2026-02-21,SIMU-8113176,ISOT-120,N1,91,41,790,87,0.53,-140,,-,-,-
2026-02-20,SIMU-8101426,ISOT-009,N1,77,35,716,85,0.54,-134,,-,-,-
2026-02-20,SIMU-8101513,ISOT-014,N1,90.4,40,772,91,0.6,-133,,-,-,-
2026-02-20,SIMU-8101581,ISOT-017,N1,95,43,832,88,0.6,-136,,-,-,-
2026-02-20,SIMU-8101750,ISOT-026,N1,93,42,830,90,0.63,-137,,-,-,-
2026-02-20,SIMU-8101848,ISOT-031,N1,93,42,830,88,0.71,-131,,-,-,-
2026-02-20,SIMU-8101909,ISOT-036,N1,91,41,801,91,0.62,-133,,-,-,-
2026-02-20,SIMU-8102567,ISOT-064,N1,0,0,0,88,0.43,26,,-,-,-
2026-02-20,SIMU-8103711,ISOT-086,N1,91,41,756,87,0.46,-136,,-,-,-
2026-02-20,SIMU-8103732,ISOT-088,N1,88,40,877,88,0.73,-133,,-,-,-
2026-02-20,SIMU-8111297,ISOT-103,N1,90,40,838,87,0.5,-137,,-,-,-
2026-02-20,SIMU-8113176,ISOT-120,N1,91,41,790,87,0.51,-140,,-,-,-
2026-02-19,SIMU-8101426,ISOT-009,N1,77,35,716,85,0.53,-134,,-,-,-
2026-02-19,SIMU-8101513,ISOT-014,N1,90.4,40,772,91,0.58,-133,,-,-,-
2026-02-19,SIMU-8101581,ISOT-017,N1,95,43,832,88,0.59,-136,,-,-,-
2026-02-19,SIMU-8101750,ISOT-026,N1,93,42,830,90,0.62,-137,,-,-,-
2026-02-19,SIMU-8101848,ISOT-031,N1,93,42,830,88,0.69,-131,,-,-,-
2026-02-19,SIMU-8101909,ISOT-036,N1,91,41,801,91,0.61,-133,,-,-,-
2026-02-19,SIMU-8102567,ISOT-064,N1,0,0,0,88,0.43,26,,-,-,-
2026-02-19,SIMU-8103711,ISOT-086,N1,91,41,756,87,0.46,-136,,-,-,-
2026-02-19,SIMU-8103732,ISOT-088,N1,88,40,877,88,0.68,-133,,-,-,-
2026-02-19,SIMU-8111297,ISOT-103,N1,90,40,838,87,0.49,-137,,-,-,-
2026-02-19,SIMU-8113176,ISOT-120,N1,91,41,790,87,0.51,-140,,-,-,-
2026-02-18,SIMU-8101426,ISOT-009,N1,77,35,716,85,0.52,-135,,-,-,-
2026-02-18,SIMU-8101513,ISOT-014,N1,90.4,40,772,91,0.58,-134,,-,-,-
2026-02-18,SIMU-8101581,ISOT-017,N1,95,43,832,88,0.57,-137,,-,-,-
2026-02-18,SIMU-8101750,ISOT-026,N1,93,42,830,90,0.61,-138,,-,-,-
2026-02-18,SIMU-8101848,ISOT-031,N1,93,42,830,88,0.69,-132,,-,-,-
2026-02-18,SIMU-8101909,ISOT-036,N1,91,41,801,91,0.6,-134,,-,-,-
2026-02-18,SIMU-8102567,ISOT-064,N1,0,0,0,88,0.43,26,,-,-,-
2026-02-18,SIMU-8103711,ISOT-086,N1,91,41,756,87,0.46,-136,,-,-,-
2026-02-18,SIMU-8103732,ISOT-088,N1,88,40,877,88,0.67,-134,,-,-,-
2026-02-18,SIMU-8111297,ISOT-103,N1,90,40,838,87,0.49,-139,,-,-,-
2026-02-18,SIMU-8113176,ISOT-120,N1,91,41,790,87,0.5,-142,,-,-,-
2026-02-17,SIMU-8101426,ISOT-009,N1,77,35,716,85,0.51,-135,,-,-,-
2026-02-17,SIMU-8101513,ISOT-014,N1,90.4,40,772,91,0.58,-134,,-,-,-
2026-02-17,SIMU-8101581,ISOT-017,N1,95,43,832,88,0.56,-137,,-,-,-
2026-02-17,SIMU-8101750,ISOT-026,N1,93,42,830,90,0.6,-138,,-,-,-
2026-02-17,SIMU-8101848,ISOT-031,N1,93,42,830,88,0.67,-132,,-,-,-
2026-02-17,SIMU-8101909,ISOT-036,N1,91,41,801,91,0.59,-134,,-,-,-
2026-02-17,SIMU-8102567,ISOT-064,N1,0,0,0,88,0.43,26,,-,-,-
2026-02-17,SIMU-8103711,ISOT-086,N1,91,41,756,87,0.45,-136,,-,-,-
2026-02-17,SIMU-8103732,ISOT-088,N1,88,40,877,88,0.67,-134,,-,-,-
2026-02-17,SIMU-8111297,ISOT-103,N1,90,40,838,87,0.48,-139,,-,-,-
2026-02-17,SIMU-8113176,ISOT-120,N1,91,41,790,87,0.49,-142,,-,-,-
2026-02-16,SIMU-8101426,ISOT-009,N1,77,35,716,85,0.5,-135,,-,-,-
2026-02-16,SIMU-8101513,ISOT-014,N1,90.4,40,772,91,0.57,-135,,-,-,-
2026-02-16,SIMU-8101581,ISOT-017,N1,95,43,832,88,0.54,-138,,-,-,-
2026-02-16,SIMU-8101750,ISOT-026,N1,93,42,830,90,0.6,-137,,-,-,-
2026-02-16,SIMU-8101848,ISOT-031,N1,93,42,830,88,0.65,-133,,-,-,-
2026-02-16,SIMU-8101909,ISOT-036,N1,91,41,801,91,0.58,-134,,-,-,-
2026-02-16,SIMU-8102567,ISOT-064,N1,0,0,0,88,0.43,26,,-,-,-
2026-02-16,SIMU-8103711,ISOT-086,N1,91,41,756,87,0.45,-137,,-,-,-
2026-02-16,SIMU-8103732,ISOT-088,N1,88,40,877,88,0.64,-134,,-,-,-
2026-02-16,SIMU-8111297,ISOT-103,N1,90,40,838,87,0.48,-139,,-,-,-
2026-02-16,SIMU-8113176,ISOT-120,N1,91,41,790,87,0.48,-142,,-,-,-
2026-02-15,SIMU-8101426,ISOT-009,N1,78,35,716,85,0.52,-136,,-,-,-
2026-02-15,SIMU-8101513,ISOT-014,N1,90.4,40,772,91,0.56,-135,,-,-,-
2026-02-15,SIMU-8101581,ISOT-017,N1,95,43,832,88,0.57,-138,,-,-,-
2026-02-15,SIMU-8101750,ISOT-026,N1,93,42,830,90,0.59,-138,,-,-,-
2026-02-15,SIMU-8101848,ISOT-031,N1,93,42,830,88,0.69,-133,,-,-,-
2026-02-15,SIMU-8101909,ISOT-036,N1,91,41,801,91,0.57,-134,,-,-,-
2026-02-15,SIMU-8102567,ISOT-064,N1,0,0,0,88,0.43,26,,-,-,-
2026-02-15,SIMU-8103711,ISOT-086,N1,91,41,756,87,0.44,-138,,-,-,-
2026-02-15,SIMU-8103732,ISOT-088,N1,88,40,877,88,0.63,-134,,-,-,-
2026-02-15,SIMU-8111297,ISOT-103,N1,90,40,838,87,0.47,-139,,-,-,-
2026-02-15,SIMU-8113176,ISOT-120,N1,91,41,790,87,0.48,-142,,-,-,-
2026-02-14,SIMU-8101426,ISOT-009,N1,78,35,716,85,0.51,-137,,-,-,-
2026-02-14,SIMU-8101513,ISOT-014,N1,90.4,40,772,91,0.55,-136,,-,-,-
2026-02-14,SIMU-8101581,ISOT-017,N1,95,43,832,88,0.56,-139,,-,-,-
2026-02-14,SIMU-8101750,ISOT-026,N1,93,42,830,90,0.59,-139,,-,-,-
2026-02-14,SIMU-8101848,ISOT-031,N1,93,42,830,88,0.68,-135,,-,-,-
2026-02-14,SIMU-8101909,ISOT-036,N1,91,41,801,91,0.56,-136,,-,-,-
2026-02-14,SIMU-8102567,ISOT-064,N1,0,0,0,88,0.43,27,,-,-,-
2026-02-14,SIMU-8103711,ISOT-086,N1,91,41,756,87,0.43,-138,,-,-,-
2026-02-14,SIMU-8103732,ISOT-088,N1,88,40,877,88,0.62,-136,,-,-,-
2026-02-14,SIMU-8111297,ISOT-103,N1,90,40,838,87,0.47,-141,,-,-,-
2026-02-14,SIMU-8113176,ISOT-120,N1,91,41,790,87,0.48,-143,,-,-,-
2026-02-13,SIMU-8101426,ISOT-009,N1,78,35,716,85,0.5,-137,,-,-,-
2026-02-13,SIMU-8101513,ISOT-014,N1,90.4,40,772,91,0.54,-136,,-,-,-
2026-02-13,SIMU-8101581,ISOT-017,N1,95,43,832,88,0.56,-139,,-,-,-
2026-02-13,SIMU-8101750,ISOT-026,N1,93,42,830,90,0.58,-139,,-,-,-
2026-02-13,SIMU-8101848,ISOT-031,N1,93,42,830,88,0.67,-135,,-,-,-
2026-02-13,SIMU-8101909,ISOT-036,N1,91,41,801,91,0.56,-136,,-,-,-
2026-02-13,SIMU-8102567,ISOT-064,N1,0,0,0,88,0.43,27,,-,-,-
2026-02-13,SIMU-8103711,ISOT-086,N1,91,41,756,87,0.43,-138,,-,-,-
2026-02-13,SIMU-8103732,ISOT-088,N1,88,40,877,88,0.6,-136,,-,-,-
2026-02-13,SIMU-8111297,ISOT-103,N1,90,40,838,87,0.46,-141,,-,-,-
2026-02-13,SIMU-8113176,ISOT-120,N1,91,41,790,87,0.47,-143,,-,-,-
2026-02-12,SIMU-8101426,ISOT-009,N1,78,35,716,85,0.5,-137,,-,-,-
2026-02-12,SIMU-8101513,ISOT-014,N1,90.4,40,772,91,0.53,-136,,-,-,-
2026-02-12,SIMU-8101581,ISOT-017,N1,95,43,832,88,0.55,-139,,-,-,-
2026-02-12,SIMU-8101750,ISOT-026,N1,93,42,830,90,0.56,-139,,-,-,-
2026-02-12,SIMU-8101848,ISOT-031,N1,93,42,830,88,0.66,-135,,-,-,-
2026-02-12,SIMU-8101909,ISOT-036,N1,91,41,801,91,0.54,-136,,-,-,-
2026-02-12,SIMU-8102567,ISOT-064,N1,0,0,0,88,0.43,27,,-,-,-
2026-02-12,SIMU-8103711,ISOT-086,N1,91,41,756,87,0.42,-138,,-,-,-
2026-02-12,SIMU-8103732,ISOT-088,N1,88,40,877,88,0.59,-136,,-,-,-
2026-02-12,SIMU-8111297,ISOT-103,N1,90,40,838,87,0.45,-141,,-,-,-
2026-02-12,SIMU-8113176,ISOT-120,N1,91,41,790,87,0.46,-143,,-,-,-
2026-02-11,SIMU-8101426,ISOT-009,N1,78,35,716,85,0.49,-137,,-,-,-
2026-02-11,SIMU-8101513,ISOT-014,N1,90.4,40,772,91,0.52,-136,,-,-,-
2026-02-11,SIMU-8101581,ISOT-017,N1,95,43,832,88,0.54,-139,,-,-,-
2026-02-11,SIMU-8101750,ISOT-026,N1,93,42,830,90,0.56,-140,,-,-,-
2026-02-11,SIMU-8101848,ISOT-031,N1,93,42,830,88,0.65,-135,,-,-,-
2026-02-11,SIMU-8101909,ISOT-036,N1,91,41,801,91,0.54,-136,,-,-,-
2026-02-11,SIMU-8102567,ISOT-064,N1,0,0,0,88,0.43,27,,-,-,-
2026-02-11,SIMU-8103711,ISOT-086,N1,91,41,756,87,0.42,-138,,-,-,-
2026-02-11,SIMU-8103732,ISOT-088,N1,88,40,877,88,0.57,-136,,-,-,-
2026-02-11,SIMU-8111297,ISOT-103,N1,90,40,838,87,0.45,-141,,-,-,-
2026-02-11,SIMU-8113176,ISOT-120,N1,91,41,790,87,0.45,-143,,-,-,-
2026-02-10,SIMU-8101426,ISOT-009,N1,78,35,716,85,0.48,-137,,-,-,-
2026-02-10,SIMU-8101513,ISOT-014,N1,90.4,40,772,91,0.51,-137,,-,-,-
2026-02-10,SIMU-8101581,ISOT-017,N1,95,43,832,88,0.53,-139,,-,-,-
2026-02-10,SIMU-8101750,ISOT-026,N1,93,42,830,90,0.56,-140,,-,-,-
2026-02-10,SIMU-8101848,ISOT-031,N1,93,42,830,88,0.64,-135,,-,-,-
2026-02-10,SIMU-8101909,ISOT-036,N1,91,41,801,91,0.53,-136,,-,-,-
2026-02-10,SIMU-8102567,ISOT-064,N1,0,0,0,88,0.43,27,,-,-,-
2026-02-10,SIMU-8103711,ISOT-086,N1,91,41,756,87,0.41,-138,,-,-,-
2026-02-10,SIMU-8103732,ISOT-088,N1,88,40,877,88,0.55,-136,,-,-,-
2026-02-10,SIMU-8111297,ISOT-103,N1,90,40,838,87,0.44,-141,,-,-,-
2026-02-10,SIMU-8113176,ISOT-120,N1,91,41,790,87,0.45,-143,,-,-,-
2026-02-09,SIMU-8101426,ISOT-009,N1,78,35,716,85,0.48,-138,,-,-,-
2026-02-09,SIMU-8101513,ISOT-014,N1,90.4,40,772,91,0.51,-137,,-,-,-
2026-02-09,SIMU-8101581,ISOT-017,N1,95,43,832,88,0.52,-140,,-,-,-
2026-02-09,SIMU-8101750,ISOT-026,N1,93,42,830,90,0.55,-140,,-,-,-
2026-02-09,SIMU-8101848,ISOT-031,N1,93,42,830,88,0.63,-135,,-,-,-
2026-02-09,SIMU-8101909,ISOT-036,N1,91,41,801,91,0.52,-138,,-,-,-
2026-02-09,SIMU-8102567,ISOT-064,N1,0,0,0,88,0.43,27,,-,-,-
2026-02-09,SIMU-8103711,ISOT-086,N1,91,41,756,87,0.4,-139,,-,-,-
2026-02-09,SIMU-8103732,ISOT-088,N1,88,40,877,88,0.5,-136,Depressurized,-,-,Depress
2026-02-09,SIMU-8111297,ISOT-103,N1,90,40,838,87,0.44,-141,,-,-,-
2026-02-09,SIMU-8113176,ISOT-120,N1,91,41,790,87,0.43,-143,,-,-,-
2026-02-08,SIMU-8101426,ISOT-009,N1,78,35,716,85,0.47,-138,,-,-,-
2026-02-08,SIMU-8101513,ISOT-014,N1,90.4,40,772,91,0.5,-137,,-,-,-
2026-02-08,SIMU-8101581,ISOT-017,N1,95,43,832,88,0.52,-140,,-,-,-
2026-02-08,SIMU-8101750,ISOT-026,N1,93,42,830,90,0.54,-140,,-,-,-
2026-02-08,SIMU-8101848,ISOT-031,N1,93,42,830,88,0.62,-135,,-,-,-
2026-02-08,SIMU-8101909,ISOT-036,N1,91,41,801,91,0.51,-138,,-,-,-
2026-02-08,SIMU-8102567,ISOT-064,N1,0,0,0,88,0.43,27,,-,-,-
2026-02-08,SIMU-8103711,ISOT-086,N1,91,41,756,87,0.4,-139,,-,-,-
2026-02-08,SIMU-8103732,ISOT-088,N1,88,40,877,88,0.64,-136,,-,-,-
2026-02-08,SIMU-8111297,ISOT-103,N1,90,40,838,87,0.43,-141,,-,-,-
2026-02-08,SIMU-8113176,ISOT-120,N1,91,41,790,87,0.43,-143,,-,-,-
2026-02-07,SIMU-8101426,ISOT-009,N1,78,35,716,85,0.46,-138,,-,-,-
2026-02-07,SIMU-8101513,ISOT-014,N1,90.4,40,772,91,0.49,-137,,-,-,-
2026-02-07,SIMU-8101581,ISOT-017,N1,95,43,832,88,0.51,-140,,-,-,-
2026-02-07,SIMU-8101750,ISOT-026,N1,93,42,830,90,0.54,-140,,-,-,-
2026-02-07,SIMU-8101848,ISOT-031,N1,93,42,830,88,0.61,-135,,-,-,-
2026-02-07,SIMU-8101909,ISOT-036,N1,91,41,801,91,0.51,-138,,-,-,-
2026-02-07,SIMU-8102567,ISOT-064,N1,0,0,0,88,0.43,27,,-,-,-
2026-02-07,SIMU-8103711,ISOT-086,N1,91,41,756,87,0.39,-139,,-,-,-
2026-02-07,SIMU-8103732,ISOT-088,N1,88,40,877,88,0.62,-136,,-,-,-
2026-02-07,SIMU-8111297,ISOT-103,N1,90,40,838,87,0.43,-141,,-,-,-
2026-02-07,SIMU-8113176,ISOT-120,N1,91,41,790,87,0.43,-143,,-,-,-
2026-02-06,SIMU-8101426,ISOT-009,N1,78,35,716,85,0.45,-138,,-,-,-
2026-02-06,SIMU-8101513,ISOT-014,N1,90.4,40,772,91,0.48,-137,,-,-,-
2026-02-06,SIMU-8101581,ISOT-017,N1,95,43,832,88,0.5,-140,,-,-,-
2026-02-06,SIMU-8101750,ISOT-026,N1,93,42,830,90,0.53,-140,,-,-,-
2026-02-06,SIMU-8101848,ISOT-031,N1,93,42,830,88,0.6,-135,,-,-,-
2026-02-06,SIMU-8101909,ISOT-036,N1,91,41,801,91,0.5,-138,,-,-,-
2026-02-06,SIMU-8102567,ISOT-064,N1,0,0,0,88,0.43,27,,-,-,-
2026-02-06,SIMU-8103711,ISOT-086,N1,91,41,756,87,0.39,-139,,-,-,-
2026-02-06,SIMU-8103732,ISOT-088,N1,88,40,877,88,0.6,-136,,-,-,-
2026-02-06,SIMU-8111297,ISOT-103,N1,90,40,838,87,0.42,-141,,-,-,-
2026-02-06,SIMU-8113176,ISOT-120,N1,91,41,790,87,0.42,-143,,-,-,-
2026-02-05,SIMU-8101426,ISOT-009,N1,78,35,716,85,0.44,-138,,-,-,-
2026-02-05,SIMU-8101513,ISOT-014,N1,90.4,40,772,91,0.47,-137,,-,-,-
2026-02-05,SIMU-8101581,ISOT-017,N1,95,43,832,88,0.49,-140,,-,-,-
2026-02-05,SIMU-8101750,ISOT-026,N1,93,42,830,90,0.52,-140,,-,-,-
2026-02-05,SIMU-8101848,ISOT-031,N1,93,42,830,88,0.59,-135,,-,-,-
2026-02-05,SIMU-8101909,ISOT-036,N1,91,41,801,91,0.49,-138,,-,-,-
2026-02-05,SIMU-8102567,ISOT-064,N1,0,0,0,88,0.45,27,,-,-,-
2026-02-05,SIMU-8103711,ISOT-086,N1,91,41,756,87,0.4,-139,,-,-,-
2026-02-05,SIMU-8103732,ISOT-088,N1,88,40,877,88,0.59,-136,,-,-,-
2026-02-05,SIMU-8111297,ISOT-103,N1,90,40,838,87,0.41,-141,,-,-,-
2026-02-05,SIMU-8113176,ISOT-120,N1,91,41,790,87,0.41,-143,,-,-,-
2026-02-04,SIMU-8101426,ISOT-009,N1,78,35,716,85,0.44,-138,,-,-,-
2026-02-04,SIMU-8101513,ISOT-014,N1,90.4,40,772,91,0.46,-138,,-,-,-
2026-02-04,SIMU-8101581,ISOT-017,N1,95,43,832,88,0.48,-141,,-,-,-
2026-02-04,SIMU-8101750,ISOT-026,N1,93,42,830,90,0.51,-142,,-,-,-
2026-02-04,SIMU-8101848,ISOT-031,N1,93,42,830,88,0.57,-136,,-,-,-
2026-02-04,SIMU-8101909,ISOT-036,N1,91,41,801,91,0.48,-141,,-,-,-
2026-02-04,SIMU-8102567,ISOT-064,N1,0,0,0,88,0.45,28,,-,-,-
2026-02-04,SIMU-8103711,ISOT-086,N1,91,41,756,87,0.37,-141,,-,-,-
2026-02-04,SIMU-8103732,ISOT-088,N1,88,40,877,88,0.57,-137,,-,-,-
2026-02-04,SIMU-8111297,ISOT-103,N1,90,40,838,87,0.4,-143,,-,-,-
2026-02-04,SIMU-8113176,ISOT-120,N1,91,41,790,87,0.4,-146,,-,-,-
2026-02-03,SIMU-8101426,ISOT-009,N1,78,35,716,85,0.43,-138,,-,-,-
2026-02-03,SIMU-8101513,ISOT-014,N1,90.4,40,772,91,0.45,-138,,-,-,-
2026-02-03,SIMU-8101581,ISOT-017,N1,95,43,832,88,0.47,-141,,-,-,-
2026-02-03,SIMU-8101750,ISOT-026,N1,93,42,830,90,0.5,-142,,-,-,-
2026-02-03,SIMU-8101848,ISOT-031,N1,93,42,830,88,0.56,-136,,-,-,-
2026-02-03,SIMU-8101909,ISOT-036,N1,91,41,801,91,0.47,-141,,-,-,-
2026-02-03,SIMU-8102567,ISOT-064,N1,0,0,0,88,0.45,28,,-,-,-
2026-02-03,SIMU-8103711,ISOT-086,N1,91,41,756,87,0.37,-141,,-,-,-
2026-02-03,SIMU-8103732,ISOT-088,N1,88,40,877,88,0.56,-137,,-,-,-
2026-02-03,SIMU-8111297,ISOT-103,N1,90,40,838,87,0.4,-143,,-,-,-
2026-02-03,SIMU-8113176,ISOT-120,N1,91,41,790,87,0.4,-146,,-,-,-
2026-02-02,SIMU-8101426,ISOT-009,N1,78,35,716,85,0.42,-138,,-,-,-
2026-02-02,SIMU-8101513,ISOT-014,N1,90.4,40,772,91,0.44,-138,,-,-,-
2026-02-02,SIMU-8101581,ISOT-017,N1,95,43,832,88,0.47,-141,,-,-,-
2026-02-02,SIMU-8101750,ISOT-026,N1,93,42,830,90,0.5,-142,,-,-,-
2026-02-02,SIMU-8101848,ISOT-031,N1,93,42,830,88,0.55,-136,,-,-,-
2026-02-02,SIMU-8101909,ISOT-036,N1,91,41,801,91,0.46,-141,,-,-,-
2026-02-02,SIMU-8102567,ISOT-064,N1,0,0,0,88,0.45,28,,-,-,-
2026-02-02,SIMU-8103711,ISOT-086,N1,91,41,756,87,0.37,-141,,-,-,-
2026-02-02,SIMU-8103732,ISOT-088,N1,88,40,877,88,0.55,-137,,-,-,-
2026-02-02,SIMU-8111297,ISOT-103,N1,90,40,838,87,0.4,-143,,-,-,-
2026-02-02,SIMU-8113176,ISOT-120,N1,91,41,790,87,0.39,-146,,-,-,-
2026-02-01,SIMU-8101426,ISOT-009,N1,78,35,716,85,0.42,-142,Depressurized,-,-,-
2026-02-01,SIMU-8101513,ISOT-014,N1,90.4,40,772,91,0.43,-138,,-,-,-
2026-02-01,SIMU-8101581,ISOT-017,N1,95,43,832,88,0.45,-141,,-,-,-
2026-02-01,SIMU-8101750,ISOT-026,N1,93,42,830,90,0.48,-142,,-,-,-
2026-02-01,SIMU-8101848,ISOT-031,N1,93,42,830,88,0.54,-136,,-,-,-
2026-02-01,SIMU-8101909,ISOT-036,N1,91,41,801,91,0.44,-141,,-,-,-
2026-02-01,SIMU-8102567,ISOT-064,N1,0,0,0,88,0.45,28,,-,-,-
2026-02-01,SIMU-8103711,ISOT-086,N1,91,41,756,87,0.37,-141,,-,-,-
2026-02-01,SIMU-8103732,ISOT-088,N1,88,40,877,88,0.53,-137,Depressurized,0.79,0.43,Depress
2026-02-01,SIMU-8111297,ISOT-103,N1,90,40,838,87,0.39,-143,,-,-,-
2026-02-01,SIMU-8113176,ISOT-120,N1,91,41,790,87,0.38,-146,,-,-,-
2026-01-31,SIMU-8101426,ISOT-009,N1,0.8,,,,0.42,-141,,,,Normal 
2026-01-31,SIMU-8101513,ISOT-014,N1,0.9,,,,0.43,-139,,,,Normal 
2026-01-31,SIMU-8101581,ISOT-017,N1,1,,,,0.45,-141,,,,Normal 
2026-01-31,SIMU-8101750,ISOT-026,N1,0.9,,,,0.47,-144,,,,Normal 
2026-01-31,SIMU-8101848,ISOT-031,N1,0.9,,,,0.53,-131,,,,Normal 
2026-01-31,SIMU-8101909,ISOT-036,N1,0.9,,,,0.43,-141,,,,Normal 
2026-01-31,SIMU-8113176,ISOT-120,N1,0.9,,,,0.38,-146,,,,Normal 
2026-01-31,SIMU-8103711,ISOT-086,N1,0.9,,,,0.37,-141,,,,Normal 
2026-01-31,SIMU-8103732,ISOT-088,N1,0.9,,,,0.69,-137,,,,Normal 
2026-01-31,SIMU-8111297,ISOT-103,N1,0.9,,,,0.39,-143,,,,Normal 
2026-01-31,SIMU-8102567,ISOT-064,N1,0,,,,0.45,28,,,,ISOTANK (Empty)
2026-01-30,SIMU-8101426,ISOT-009,N1,0.8,,,,0.42,-141,,,,Normal 
2026-01-30,SIMU-8101513,ISOT-014,N1,0.9,,,,0.42,-139,,,,Normal 
2026-01-30,SIMU-8101581,ISOT-017,N1,1,,,,0.43,-141,,,,Normal 
2026-01-30,SIMU-8101750,ISOT-026,N1,0.9,,,,0.47,-144,,,,Normal 
2026-01-30,SIMU-8101848,ISOT-031,N1,0.9,,,,0.53,-131,,,,Normal 
2026-01-30,SIMU-8101909,ISOT-036,N1,0.9,,,,0.43,-141,,,,Normal 
2026-01-30,SIMU-8113176,ISOT-120,N1,0.9,,,,0.38,-146,,,,Normal 
2026-01-30,SIMU-8103711,ISOT-086,N1,0.9,,,,0.37,-141,,,,Normal 
2026-01-30,SIMU-8103732,ISOT-088,N1,0.9,,,,0.58,-137,,,,Normal 
2026-01-30,SIMU-8111297,ISOT-103,N1,0.9,,,,0.38,-143,,,,Normal 
2026-01-30,SIMU-8102567,ISOT-064,N1,0,,,,0.45,28,,,,ISOTANK (Empty)
2026-01-29,SIMU-8101426,ISOT-009,N1,0.8,,,,0.4,-141,,,,Normal 
2026-01-29,SIMU-8101513,ISOT-014,N1,0.9,,,,0.4,-139,,,,Normal 
2026-01-29,SIMU-8101581,ISOT-017,N1,1,,,,0.43,-141,,,,Normal 
2026-01-29,SIMU-8101750,ISOT-026,N1,1,,,,0.48,-144,,,,Normal 
2026-01-29,SIMU-8101848,ISOT-031,N1,0.9,,,,0.5,-131,,,,Normal 
2026-01-29,SIMU-8101909,ISOT-036,N1,0.9,,,,0.43,-141,,,,Normal 
2026-01-29,SIMU-8113176,ISOT-120,N1,0.9,,,,0.37,-146,,,,Normal 
2026-01-29,SIMU-8103711,ISOT-086,N1,0.9,,,,0.35,-141,,,,Normal 
2026-01-29,SIMU-8103732,ISOT-088,N1,0.9,,,,0.73,-137,,,,Normal 
2026-01-29,SIMU-8111297,ISOT-103,N1,0.9,,,,0.38,-143,,,,Normal 
2026-01-29,SIMU-8102567,ISOT-064,N1,0,,,,0.45,28,,,,ISOTANK (Empty)
2026-01-28,SIMU-8101426,ISOT-009,N1,0.8,,,,0.39,-141,,,,Normal 
2026-01-28,SIMU-8101513,ISOT-014,N1,0.9,,,,0.4,-139,,,,Normal 
2026-01-28,SIMU-8101581,ISOT-017,N1,1,,,,0.43,-141,,,,Normal 
2026-01-28,SIMU-8101750,ISOT-026,N1,1,,,,0.47,-144,,,,Normal 
2026-01-28,SIMU-8101848,ISOT-031,N1,0.9,,,,0.5,-131,,,,Normal 
2026-01-28,SIMU-8101909,ISOT-036,N1,0.9,,,,0.41,-141,,,,Normal 
2026-01-28,SIMU-8113176,ISOT-120,N1,0.9,,,,0.36,-146,,,,Normal 
2026-01-28,SIMU-8103711,ISOT-086,N1,0.9,,,,0.34,-141,,,,Normal 
2026-01-28,SIMU-8103732,ISOT-088,N1,0.9,,,,0.57,-137,,,,Normal 
2026-01-28,SIMU-8111297,ISOT-103,N1,0.9,,,,0.37,-143,,,,Normal 
2026-01-28,SIMU-8102567,ISOT-064,N1,0,,,,0.45,28,,,,ISOTANK (Empty)
2026-01-27,SIMU-8101426,ISOT-009,N1,0.8,,,,0.38,-141,,,,Normal 
2026-01-27,SIMU-8101513,ISOT-014,N1,0.9,,,,0.39,-140,,,,Normal 
2026-01-27,SIMU-8101581,ISOT-017,N1,1,,,,0.42,-141,,,,Normal 
2026-01-27,SIMU-8101750,ISOT-026,N1,1,,,,0.47,-144,,,,Normal 
2026-01-27,SIMU-8101848,ISOT-031,N1,0.9,,,,0.49,-137,,,,Normal 
2026-01-27,SIMU-8101909,ISOT-036,N1,0.9,,,,0.42,-141,,,,Normal 
2026-01-27,SIMU-8113176,ISOT-120,N1,0.9,,,,0.36,-146,,,,Normal 
2026-01-27,SIMU-8103711,ISOT-086,N1,0.9,,,,0.34,-141,,,,Normal 
2026-01-27,SIMU-8103732,ISOT-088,N1,0.9,,,,0.72,-138,,,,Normal 
2026-01-27,SIMU-8111297,ISOT-103,N1,0.9,,,,0.37,-143,,,,Normal 
2026-01-27,SIMU-8102567,ISOT-064,N1,0,,,,0.45,28,,,,ISOTANK (Empty)
2026-01-26,SIMU-8101426,ISOT-009,N1,0.8,,,,0.38,-141,,,,SMT percentage level reading under monitoring
2026-01-26,SIMU-8101513,ISOT-014,N1,0.9,,,,0.38,-140,,,,SMT percentage level reading under monitoring
2026-01-26,SIMU-8101581,ISOT-017,N1,1,,,,0.41,-141,,,,SMT percentage level reading under monitoring
2026-01-26,SIMU-8101750,ISOT-026,N1,1,,,,0.45,-144,,,,Normal 
2026-01-26,SIMU-8101848,ISOT-031,N1,0.9,,,,0.48,-137,,,,SMT percentage level reading under monitoring
2026-01-26,SIMU-8101909,ISOT-036,N1,0.9,,,,0.4,-141,,,,Normal 
2026-01-26,SIMU-8113176,ISOT-120,N1,0.9,,,,0.34,-146,,,,Normal 
2026-01-26,SIMU-8103711,ISOT-086,N1,0.9,,,,0.33,-141,,,,Normal 
2026-01-26,SIMU-8103732,ISOT-088,N1,0.9,,,,0.56,-138,,,,Normal 
2026-01-26,SIMU-8111297,ISOT-103,N1,0.9,,,,0.36,-143,,,,Normal 
2026-01-26,SIMU-8102567,ISOT-064,N1,0,,,,0.43,27.8,,,,ISOTANK (Empty)
2026-01-25,SIMU-8101426,ISOT-009,N1,0.8,,,,0.36,-141,,,,Normal 
2026-01-25,SIMU-8101513,ISOT-014,N1,0.9,,,,0.36,-140,,,,SMT percentage level reading is not accurate
2026-01-25,SIMU-8101581,ISOT-017,N1,0.9,,,,0.4,-141,,,,Normal 
2026-01-25,SIMU-8101750,ISOT-026,N1,0.9,,,,0.38,-144,,,,Normal 
2026-01-25,SIMU-8101848,ISOT-031,N1,0.9,,,,0.45,-138,,,,Normal 
2026-01-25,SIMU-8101909,ISOT-036,N1,0.9,,,,0.38,-141,,,,Normal 
2026-01-25,SIMU-8113176,ISOT-120,N1,0.9,,,,0.34,-146,,,,SMT percentage level reading is not accurate
2026-01-25,SIMU-8103711,ISOT-086,N1,0.9,,,,0.32,-141,,,,SMT percentage level reading is not accurate
2026-01-25,SIMU-8103732,ISOT-088,N1,0.9,,,,0.5,-139,,,,SMT percentage level reading is not accurate
2026-01-25,SIMU-8111297,ISOT-103,N1,0.9,,,,0.35,-144,,,,SMT percentage level reading is not accurate
2026-01-25,SIMU-8102567,ISOT-064,N1,0,,,,0.43,27.8,,,,ISOTANK (Empty)
2026-01-24,SIMU-8101426,ISOT-009,N1,0.8,,,,0.36,-141,,,,Normal 
2026-01-24,SIMU-8101513,ISOT-014,N1,0.9,,,,0.36,-140,,,,SMT percentage level reading is not accurate
2026-01-24,SIMU-8101581,ISOT-017,N1,0.9,,,,0.4,-141,,,,Normal 
2026-01-24,SIMU-8101750,ISOT-026,N1,0.9,,,,0.38,-144,,,,Normal 
2026-01-24,SIMU-8101848,ISOT-031,N1,0.9,,,,0.45,-138,,,,Normal 
2026-01-24,SIMU-8101909,ISOT-036,N1,0.9,,,,0.38,-141,,,,Normal 
2026-01-24,SIMU-8113176,ISOT-120,N1,0.9,,,,0.34,-146,,,,SMT percentage level reading is not accurate
2026-01-24,SIMU-8103711,ISOT-086,N1,0.9,,,,0.32,-141,,,,SMT percentage level reading is not accurate
2026-01-24,SIMU-8103732,ISOT-088,N1,0.9,,,,0.5,-139,,,,SMT percentage level reading is not accurate
2026-01-24,SIMU-8111297,ISOT-103,N1,0.9,,,,0.35,-144,,,,SMT percentage level reading is not accurate
2026-01-24,SIMU-8102567,ISOT-064,N1,0,,,,0.43,27.8,,,,ISOTANK (Empty)
2026-01-23,SIMU-8101426,ISOT-009,N1,0.8,,,,0.32,-143,,,,Normal 
2026-01-23,SIMU-8101513,ISOT-014,N1,0.9,,,,0.3,-144,,,,SMT percentage level reading is not accurate
2026-01-23,SIMU-8101581,ISOT-017,N1,1,,,,0.32,-144,,,,Normal 
2026-01-23,SIMU-8101750,ISOT-026,N1,0.9,,,,0.39,-144,,,,Normal 
2026-01-23,SIMU-8101848,ISOT-031,N1,0.9,,,,0.41,-144,,,,Normal 
2026-01-23,SIMU-8101909,ISOT-036,N1,0.9,,,,0.33,-143,,,,Normal 
2026-01-23,SIMU-8113176,ISOT-120,N1,0.9,,,,0.31,-147,,,,SMT percentage level reading is not accurate
2026-01-23,SIMU-8103711,ISOT-086,N1,0.9,,,,0.3,-143,,,,SMT percentage level reading is not accurate
2026-01-23,SIMU-8103732,ISOT-088,N1,0.9,,,,0.45,-140,,,,SMT percentage level reading is not accurate
2026-01-23,SIMU-8111297,ISOT-103,N1,0.9,,,,0.31,-145,,,,SMT percentage level reading is not accurate
2026-01-23,SIMU-8102567,ISOT-064,N1,0,,,,0.45,27.8,,,,ISOTANK (Empty)
2026-01-22,SIMU-8101426,ISOT-009,N1,0.8,,,,0.32,-143,,,,Normal 
2026-01-22,SIMU-8101513,ISOT-014,N1,0.9,,,,0.3,-144,,,,SMT percentage level reading is not accurate
2026-01-22,SIMU-8101581,ISOT-017,N1,1,,,,0.32,-144,,,,Normal 
2026-01-22,SIMU-8101750,ISOT-026,N1,0.9,,,,0.39,-144,,,,Normal 
2026-01-22,SIMU-8101848,ISOT-031,N1,0.9,,,,0.41,-144,,,,Normal 
2026-01-22,SIMU-8101909,ISOT-036,N1,0.9,,,,0.33,-143,,,,Normal 
2026-01-22,SIMU-8113176,ISOT-120,N1,0.9,,,,0.31,-147,,,,SMT percentage level reading is not accurate
2026-01-22,SIMU-8103711,ISOT-086,N1,0.9,,,,0.3,-143,,,,SMT percentage level reading is not accurate
2026-01-22,SIMU-8103732,ISOT-088,N1,0.9,,,,0.45,-140,,,,SMT percentage level reading is not accurate
2026-01-22,SIMU-8111297,ISOT-103,N1,0.9,,,,0.31,-145,,,,SMT percentage level reading is not accurate
2026-01-22,SIMU-8102567,ISOT-064,N1,0,,,,0.45,27.8,,,,ISOTANK (Empty)
